,005930,000660,035420,005380,051910,006400,005490,000270,035720,028260
2023-01-01,0.0,0.0,0.0,0.0,0.0,0.0,0.0,0.0,0.0,0.0
2023-01-02,0.0,0.0,0.0,0.0,0.0,0.0,0.0,0.0,0.0,0.0
2023-01-03,0.0,0.0,0.0,0.0,0.0,0.0,0.0,0.0,0.0,0.0
2023-01-04,0.0,0.0,0.0,0.0,0.0,0.0,0.0,0.0,0.0,0.0
2023-01-05,0.0,0.0,0.0,0.0,0.0,0.0,0.0,0.0,0.0,0.0
2023-01-06,0.0,0.0,0.0,0.0,0.0,0.0,0.0,0.0,0.0,0.0
2023-01-07,0.0,0.0,0.0,0.0,0.0,0.0,0.0,0.0,0.0,0.0
2023-01-08,0.0,0.0,0.0,0.0,0.0,0.0,0.0,0.0,0.0,0.0
2023-01-09,0.0,0.0,0.0,0.0,0.0,0.0,0.0,0.0,0.0,0.0
2023-01-10,0.0,0.0,0.0,0.0,0.0,0.0,0.0,0.0,0.0,0.0
2023-01-11,0.0,0.0,0.0,0.0,0.0,0.0,0.0,0.0,0.0,0.0
2023-01-12,0.0,0.0,0.0,0.0,0.0,0.0,0.0,0.0,0.0,0.0
2023-01-13,0.0,0.0,0.0,0.0,0.0,0.0,0.0,0.0,0.0,0.0
2023-01-14,0.0,0.0,0.0,0.0,0.0,0.0,0.0,0.0,0.0,0.0
2023-01-15,0.0,0.0,0.0,0.0,0.0,0.0,0.0,0.0,0.0,0.0
2023-01-16,0.0,0.0,0.0,0.0,0.0,0.0,0.0,0.0,0.0,0.0
2023-01-17,0.0,0.0,0.0,0.0,0.0,0.0,0.0,0.0,0.0,0.0
2023-01-18,0.0,0.0,0.0,0.0,0.0,0.0,0.0,0.0,0.0,0.0
2023-01-19,0.0,0.0,0.0,0.0,0.0,0.0,0.0,0.0,0.0,0.0
2023-01-20,0.0,0.0,0.0,0.0,0.0,0.0,0.0,0.0,0.0,0.0
2023-01-21,0.0,0.0,0.0,0.0,0.0,0.0,0.0,0.0,0.0,0.0
2023-01-22,0.0,0.0,0.0,0.0,0.0,0.0,0.0,0.0,0.0,0.0
2023-01-23,0.0,0.0,0.0,0.0,0.0,0.0,0.0,0.0,0.0,0.0
2023-01-24,0.0,0.0,0.0,0.0,0.0,0.0,0.0,0.0,0.0,0.0
2023-01-25,0.0,0.0,0.0,0.0,0.0,0.0,0.0,0.0,0.0,0.0
2023-01-26,0.0,0.0,0.0,0.0,0.0,0.0,0.0,0.0,0.0,0.0
2023-01-27,0.0,0.0,0.0,0.0,0.0,0.0,0.0,0.0,0.0,0.0
2023-01-28,0.0,0.0,0.0,0.0,0.0,0.0,0.0,0.0,0.0,0.0
2023-01-29,0.0,0.0,0.0,0.0,0.0,0.0,0.0,0.0,0.0,0.0
2023-01-30,0.0,0.0,0.0,0.0,0.0,0.0,0.0,0.0,0.0,0.0
2023-01-31,0.0,0.0,0.0,0.0,0.0,0.0,0.0,0.0,0.0,0.0
2023-02-01,0.0,0.0,0.0,0.0,0.0,0.0,0.0,0.0,0.0,0.0
2023-02-02,0.0,0.0,0.0,0.0,0.0,0.0,0.0,0.0,0.0,0.0
2023-02-03,0.0,0.0,0.0,0.0,0.0,0.0,0.0,0.0,0.0,0.0
2023-02-04,0.0,0.0,0.0,0.0,0.0,0.0,0.0,0.0,0.0,0.0
2023-02-05,0.0,0.0,0.0,0.0,0.0,0.0,0.0,0.0,0.0,0.0
2023-02-06,0.0,0.0,0.0,0.0,0.0,0.0,0.0,0.0,0.0,0.0
2023-02-07,0.0,0.0,0.0,0.0,0.0,0.0,0.0,0.0,0.0,0.0
2023-02-08,0.0,0.0,0.0,0.0,0.0,0.0,0.0,0.0,0.0,0.0
2023-02-09,0.0,0.0,0.0,0.0,0.0,0.0,0.0,0.0,0.0,0.0
2023-02-10,0.0,0.0,0.0,0.0,0.0,0.0,0.0,0.0,0.0,0.0
2023-02-11,0.0,0.0,0.0,0.0,0.0,0.0,0.0,0.0,0.0,0.0
2023-02-12,0.0,0.0,0.0,0.0,0.0,0.0,0.0,0.0,0.0,0.0
2023-02-13,0.0,0.0,0.0,0.0,0.0,0.0,0.0,0.0,0.0,0.0
2023-02-14,0.0,0.0,0.0,0.0,0.0,0.0,0.0,0.0,0.0,0.0
2023-02-15,0.0,0.0,0.0,0.0,0.0,0.0,0.0,0.0,0.0,0.0
2023-02-16,0.0,0.0,0.0,0.0,0.0,0.0,0.0,0.0,0.0,0.0
2023-02-17,0.0,0.0,0.0,0.0,0.0,0.0,0.0,0.0,0.0,0.0
2023-02-18,0.0,0.0,0.0,0.0,0.0,0.0,0.0,0.0,0.0,0.0
2023-02-19,0.0,0.0,0.0,0.0,0.0,0.0,0.0,0.0,0.0,0.0
2023-02-20,0.0,0.0,0.0,0.0,0.0,0.0,0.0,0.0,0.0,0.0
2023-02-21,0.0,0.0,0.0,0.0,0.0,0.0,0.0,0.0,0.0,0.0
2023-02-22,0.0,0.0,0.0,0.0,0.0,0.0,0.0,0.0,0.0,0.0
2023-02-23,0.0,0.0,0.0,0.0,0.0,0.0,0.0,0.0,0.0,0.0
2023-02-24,0.0,0.0,0.0,0.0,0.0,0.0,0.0,0.0,0.0,0.0
2023-02-25,0.0,0.0,0.0,0.0,0.0,0.0,0.0,0.0,0.0,0.0
2023-02-26,0.0,0.0,0.0,0.0,0.0,0.0,0.0,0.0,0.0,0.0
2023-02-27,0.0,0.0,0.0,0.0,0.0,0.0,0.0,0.0,0.0,0.0
2023-02-28,0.0,0.0,0.0,0.0,0.0,0.0,0.0,0.0,0.0,0.0
2023-03-01,0.0,0.0,0.0,0.0,0.0,0.0,0.0,0.0,0.0,0.0
2023-03-02,0.0,0.0,0.0,0.0,0.0,0.0,0.0,0.0,0.0,0.0
2023-03-03,0.0,0.0,0.0,0.0,0.0,0.0,0.0,0.0,0.0,0.0
2023-03-04,0.0,0.0,0.0,0.0,0.0,0.0,0.0,0.0,0.0,0.0
2023-03-05,0.0,0.0,0.0,0.0,0.0,0.0,0.0,0.0,0.0,0.0
2023-03-06,0.0,0.0,0.0,0.0,0.0,0.0,0.0,0.0,0.0,0.0
2023-03-07,0.0,0.0,0.0,0.0,0.0,0.0,0.0,0.0,0.0,0.0
2023-03-08,0.0,0.0,0.0,0.0,0.0,0.0,0.0,0.0,0.0,0.0
2023-03-09,0.0,0.0,0.0,0.0,0.0,0.0,0.0,0.0,0.0,0.0
2023-03-10,0.0,0.0,0.0,0.0,0.0,0.0,0.0,0.0,0.0,0.0
2023-03-11,0.0,0.0,0.0,0.0,0.0,0.0,0.0,0.0,0.0,0.0
2023-03-12,0.0,0.0,0.0,0.0,0.0,0.0,0.0,0.0,0.0,0.0
2023-03-13,0.0,0.0,0.0,0.0,0.0,0.0,0.0,0.0,0.0,0.0
2023-03-14,0.0,0.0,0.0,0.0,0.0,0.0,0.0,0.0,0.0,0.0
2023-03-15,0.0,0.0,0.0,0.0,0.0,0.0,0.0,0.0,0.0,0.0
2023-03-16,0.0,0.0,0.0,0.0,0.0,0.0,0.0,0.0,0.0,0.0
2023-03-17,0.0,0.0,0.0,0.0,0.0,0.0,0.0,0.0,0.0,0.0
2023-03-18,0.0,0.0,0.0,0.0,0.0,0.0,0.0,0.0,0.0,0.0
2023-03-19,0.0,0.0,0.0,0.0,0.0,0.0,0.0,0.0,0.0,0.0
2023-03-20,0.0,0.0,0.0,0.0,0.0,0.0,0.0,0.0,0.0,0.0
2023-03-21,0.0,0.0,0.0,0.0,0.0,0.0,0.0,0.0,0.0,0.0
2023-03-22,0.0,0.0,0.0,0.0,0.0,0.0,0.0,0.0,0.0,0.0
2023-03-23,0.0,0.0,0.0,0.0,0.0,0.0,0.0,0.0,0.0,0.0
2023-03-24,0.0,0.0,0.0,0.0,0.0,0.0,0.0,0.0,0.0,0.0
2023-03-25,0.0,0.0,0.0,0.0,0.0,0.0,0.0,0.0,0.0,0.0
2023-03-26,0.0,0.0,0.0,0.0,0.0,0.0,0.0,0.0,0.0,0.0
2023-03-27,0.0,0.0,0.0,0.0,0.0,0.0,0.0,0.0,0.0,0.0
2023-03-28,0.0,0.0,0.0,0.0,0.0,0.0,0.0,0.0,0.0,0.0
2023-03-29,0.0,0.0,0.0,0.0,0.0,0.0,0.0,0.0,0.0,0.0
2023-03-30,0.0,0.0,0.0,0.0,0.0,0.0,0.0,0.0,0.0,0.0
2023-03-31,0.0,0.0,0.0,0.0,0.0,0.0,0.0,0.0,0.0,0.0
2023-04-01,0.0,0.0,0.0,0.0,0.0,0.0,0.0,0.0,0.0,0.0
2023-04-02,0.0,0.0,0.0,0.0,0.0,0.0,0.0,0.0,0.0,0.0
2023-04-03,0.0,0.0,0.0,0.0,0.0,0.0,0.0,0.0,0.0,0.0
2023-04-04,0.0,0.0,0.0,0.0,0.0,0.0,0.0,0.0,0.0,0.0
2023-04-05,0.0,0.0,0.0,0.0,0.0,0.0,0.0,0.0,0.0,0.0
2023-04-06,0.0,0.0,0.0,0.0,0.0,0.0,0.0,0.0,0.0,0.0
2023-04-07,0.0,0.0,0.0,0.0,0.0,0.0,0.0,0.0,0.0,0.0
2023-04-08,0.0,0.0,0.0,0.0,0.0,0.0,0.0,0.0,0.0,0.0
2023-04-09,0.0,0.0,0.0,0.0,0.0,0.0,0.0,0.0,0.0,0.0
2023-04-10,0.0,0.0,0.0,0.0,0.0,0.0,0.0,0.0,0.0,0.0
2023-04-11,0.0,0.0,0.0,0.0,0.0,0.0,0.0,0.0,0.0,0.0
2023-04-12,0.0,0.0,0.0,0.0,0.0,0.0,0.0,0.0,0.0,0.0
2023-04-13,0.0,0.0,0.0,0.0,0.0,0.0,0.0,0.0,0.0,0.0
2023-04-14,0.0,0.0,0.0,0.0,0.0,0.0,0.0,0.0,0.0,0.0
2023-04-15,0.0,0.0,0.0,0.0,0.0,0.0,0.0,0.0,0.0,0.0
2023-04-16,0.0,0.0,0.0,0.0,0.0,0.0,0.0,0.0,0.0,0.0
2023-04-17,0.0,0.0,0.0,0.0,0.0,0.0,0.0,0.0,0.0,0.0
2023-04-18,0.0,0.0,0.0,0.0,0.0,0.0,0.0,0.0,0.0,0.0
2023-04-19,0.0,0.0,0.0,0.0,0.0,0.0,0.0,0.0,0.0,0.0
2023-04-20,0.0,0.0,0.0,0.0,0.0,0.0,0.0,0.0,0.0,0.0
2023-04-21,0.0,0.0,0.0,0.0,0.0,0.0,0.0,0.0,0.0,0.0
2023-04-22,0.0,0.0,0.0,0.0,0.0,0.0,0.0,0.0,0.0,0.0
2023-04-23,0.0,0.0,0.0,0.0,0.0,0.0,0.0,0.0,0.0,0.0
2023-04-24,0.0,0.0,0.0,0.0,0.0,0.0,0.0,0.0,0.0,0.0
2023-04-25,0.0,0.0,0.0,0.0,0.0,0.0,0.0,0.0,0.0,0.0
2023-04-26,0.0,0.0,0.0,0.0,0.0,0.0,0.0,0.0,0.0,0.0
2023-04-27,0.0,0.0,0.0,0.0,0.0,0.0,0.0,0.0,0.0,0.0
2023-04-28,0.0,0.0,0.0,0.0,0.0,0.0,0.0,0.0,0.0,0.0
2023-04-29,0.0,0.0,0.0,0.0,0.0,0.0,0.0,0.0,0.0,0.0
2023-04-30,0.0,0.0,0.0,0.0,0.0,0.0,0.0,0.0,0.0,0.0
2023-05-01,0.0,0.0,0.0,0.0,0.0,0.0,0.0,0.0,0.0,0.0
2023-05-02,0.0,0.0,0.0,0.0,0.0,0.0,0.0,0.0,0.0,0.0
2023-05-03,0.0,0.0,0.0,0.0,0.0,0.0,0.0,0.0,0.0,0.0
2023-05-04,0.0,0.0,0.0,0.0,0.0,0.0,0.0,0.0,0.0,0.0
2023-05-05,0.0,0.0,0.0,0.0,0.0,0.0,0.0,0.0,0.0,0.0
2023-05-06,0.0,0.0,0.0,0.0,0.0,0.0,0.0,0.0,0.0,0.0
2023-05-07,0.0,0.0,0.0,0.0,0.0,0.0,0.0,0.0,0.0,0.0
2023-05-08,0.0,0.0,0.0,0.0,0.0,0.0,0.0,0.0,0.0,0.0
2023-05-09,0.0,0.0,0.0,0.0,0.0,0.0,0.0,0.0,0.0,0.0
2023-05-10,0.0,0.0,0.0,0.0,0.0,0.0,0.0,0.0,0.0,0.0
2023-05-11,0.0,0.0,0.0,0.0,0.0,0.0,0.0,0.0,0.0,0.0
2023-05-12,0.0,0.0,0.0,0.0,0.0,0.0,0.0,0.0,0.0,0.0
2023-05-13,0.0,0.0,0.0,0.0,0.0,0.0,0.0,0.0,0.0,0.0
2023-05-14,0.0,0.0,0.0,0.0,0.0,0.0,0.0,0.0,0.0,0.0
2023-05-15,0.0,0.0,0.0,0.0,0.0,0.0,0.0,0.0,0.0,0.0
2023-05-16,0.0,0.0,0.0,0.0,0.0,0.0,0.0,0.0,0.0,0.0
2023-05-17,0.0,0.0,0.0,0.0,0.0,0.0,0.0,0.0,0.0,0.0
2023-05-18,0.0,0.0,0.0,0.0,0.0,0.0,0.0,0.0,0.0,0.0
2023-05-19,0.0,0.0,0.0,0.0,0.0,0.0,0.0,0.0,0.0,0.0
2023-05-20,0.0,0.0,0.0,0.0,0.0,0.0,0.0,0.0,0.0,0.0
2023-05-21,0.0,0.0,0.0,0.0,0.0,0.0,0.0,0.0,0.0,0.0
2023-05-22,0.0,0.0,0.0,0.0,0.0,0.0,0.0,0.0,0.0,0.0
2023-05-23,0.0,0.0,0.0,0.0,0.0,0.0,0.0,0.0,0.0,0.0
2023-05-24,0.0,0.0,0.0,0.0,0.0,0.0,0.0,0.0,0.0,0.0
2023-05-25,0.0,0.0,0.0,0.0,0.0,0.0,0.0,0.0,0.0,0.0
2023-05-26,0.0,0.0,0.0,0.0,0.0,0.0,0.0,0.0,0.0,0.0
2023-05-27,0.0,0.0,0.0,0.0,0.0,0.0,0.0,0.0,0.0,0.0
2023-05-28,0.0,0.0,0.0,0.0,0.0,0.0,0.0,0.0,0.0,0.0
2023-05-29,0.0,0.0,0.0,0.0,0.0,0.0,0.0,0.0,0.0,0.0
2023-05-30,0.0,0.0,0.0,0.0,0.0,0.0,0.0,0.0,0.0,0.0
2023-05-31,0.0,0.0,0.0,0.0,0.0,0.0,0.0,0.0,0.0,0.0
2023-06-01,0.0,0.0,0.0,0.0,0.0,0.0,0.0,0.0,0.0,0.0
2023-06-02,0.0,0.0,0.0,0.0,0.0,0.0,0.0,0.0,0.0,0.0
2023-06-03,0.0,0.0,0.0,0.0,0.0,0.0,0.0,0.0,0.0,0.0
2023-06-04,0.0,0.0,0.0,0.0,0.0,0.0,0.0,0.0,0.0,0.0
2023-06-05,0.0,0.0,0.0,0.0,0.0,0.0,0.0,0.0,0.0,0.0
2023-06-06,0.0,0.0,0.0,0.0,0.0,0.0,0.0,0.0,0.0,0.0
2023-06-07,0.0,0.0,0.0,0.0,0.0,0.0,0.0,0.0,0.0,0.0
2023-06-08,0.0,0.0,0.0,0.0,0.0,0.0,0.0,0.0,0.0,0.0
2023-06-09,0.0,0.0,0.0,0.0,0.0,0.0,0.0,0.0,0.0,0.0
2023-06-10,0.0,0.0,0.0,0.0,0.0,0.0,0.0,0.0,0.0,0.0
2023-06-11,0.0,0.0,0.0,0.0,0.0,0.0,0.0,0.0,0.0,0.0
2023-06-12,0.0,0.0,0.0,0.0,0.0,0.0,0.0,0.0,0.0,0.0
2023-06-13,0.0,0.0,0.0,0.0,0.0,0.0,0.0,0.0,0.0,0.0
2023-06-14,0.0,0.0,0.0,0.0,0.0,0.0,0.0,0.0,0.0,0.0
2023-06-15,0.0,0.0,0.0,0.0,0.0,0.0,0.0,0.0,0.0,0.0
2023-06-16,0.0,0.0,0.0,0.0,0.0,0.0,0.0,0.0,0.0,0.0
2023-06-17,0.0,0.0,0.0,0.0,0.0,0.0,0.0,0.0,0.0,0.0
2023-06-18,0.0,0.0,0.0,0.0,0.0,0.0,0.0,0.0,0.0,0.0
2023-06-19,0.0,0.0,0.0,0.0,0.0,0.0,0.0,0.0,0.0,0.0
2023-06-20,0.0,0.0,0.0,0.0,0.0,0.0,0.0,0.0,0.0,0.0
2023-06-21,0.0,0.0,0.0,0.0,0.0,0.0,0.0,0.0,0.0,0.0
2023-06-22,0.0,0.0,0.0,0.0,0.0,0.0,0.0,0.0,0.0,0.0
2023-06-23,0.0,0.0,0.0,0.0,0.0,0.0,0.0,0.0,0.0,0.0
2023-06-24,0.0,0.0,0.0,0.0,0.0,0.0,0.0,0.0,0.0,0.0
2023-06-25,0.0,0.0,0.0,0.0,0.0,0.0,0.0,0.0,0.0,0.0
2023-06-26,0.0,0.0,0.0,0.0,0.0,0.0,0.0,0.0,0.0,0.0
2023-06-27,0.0,0.0,0.0,0.0,0.0,0.0,0.0,0.0,0.0,0.0
2023-06-28,0.0,0.0,0.0,0.0,0.0,0.0,0.0,0.0,0.0,0.0
2023-06-29,0.0,0.0,0.0,0.0,0.0,0.0,0.0,0.0,0.0,0.0
2023-06-30,0.0,0.0,0.0,0.0,0.0,0.0,0.0,0.0,0.0,0.0
2023-07-01,0.0,0.0,0.0,0.0,0.0,0.0,0.0,0.0,0.0,0.0
2023-07-02,0.0,0.0,0.0,0.0,0.0,0.0,0.0,0.0,0.0,0.0
2023-07-03,0.0,0.0,0.0,0.0,0.0,0.0,0.0,0.0,0.0,0.0
2023-07-04,0.0,0.0,0.0,0.0,0.0,0.0,0.0,0.0,0.0,0.0
2023-07-05,0.0,0.0,0.0,0.0,0.0,0.0,0.0,0.0,0.0,0.0
2023-07-06,0.0,0.0,0.0,0.0,0.0,0.0,0.0,0.0,0.0,0.0
2023-07-07,0.0,0.0,0.0,0.0,0.0,0.0,0.0,0.0,0.0,0.0
2023-07-08,0.0,0.0,0.0,0.0,0.0,0.0,0.0,0.0,0.0,0.0
2023-07-09,0.0,0.0,0.0,0.0,0.0,0.0,0.0,0.0,0.0,0.0
2023-07-10,0.0,0.0,0.0,0.0,0.0,0.0,0.0,0.0,0.0,0.0
2023-07-11,0.0,0.0,0.0,0.0,0.0,0.0,0.0,0.0,0.0,0.0
2023-07-12,0.0,0.0,0.0,0.0,0.0,0.0,0.0,0.0,0.0,0.0
2023-07-13,0.0,0.0,0.0,0.0,0.0,0.0,0.0,0.0,0.0,0.0
2023-07-14,0.0,0.0,0.0,0.0,0.0,0.0,0.0,0.0,0.0,0.0
2023-07-15,0.0,0.0,0.0,0.0,0.0,0.0,0.0,0.0,0.0,0.0
2023-07-16,0.0,0.0,0.0,0.0,0.0,0.0,0.0,0.0,0.0,0.0
2023-07-17,0.0,0.0,0.0,0.0,0.0,0.0,0.0,0.0,0.0,0.0
2023-07-18,0.0,0.0,0.0,0.0,0.0,0.0,0.0,0.0,0.0,0.0
2023-07-19,0.0,0.0,0.0,0.0,0.0,0.0,0.0,0.0,0.0,0.0
2023-07-20,0.0,0.0,0.0,0.0,0.0,0.0,0.0,0.0,0.0,0.0
2023-07-21,0.0,0.0,0.0,0.0,0.0,0.0,0.0,0.0,0.0,0.0
2023-07-22,0.0,0.0,0.0,0.0,0.0,0.0,0.0,0.0,0.0,0.0
2023-07-23,0.0,0.0,0.0,0.0,0.0,0.0,0.0,0.0,0.0,0.0
2023-07-24,0.0,0.0,0.0,0.0,0.0,0.0,0.0,0.0,0.0,0.0
2023-07-25,0.0,0.0,0.0,0.0,0.0,0.0,0.0,0.0,0.0,0.0
2023-07-26,0.0,0.0,0.0,0.0,0.0,0.0,0.0,0.0,0.0,0.0
2023-07-27,0.0,0.0,0.0,0.0,0.0,0.0,0.0,0.0,0.0,0.0
2023-07-28,0.0,0.0,0.0,0.0,0.0,0.0,0.0,0.0,0.0,0.0
2023-07-29,0.0,0.0,0.0,0.0,0.0,0.0,0.0,0.0,0.0,0.0
2023-07-30,0.0,0.0,0.0,0.0,0.0,0.0,0.0,0.0,0.0,0.0
2023-07-31,0.0,0.0,0.0,0.0,0.0,0.0,0.0,0.0,0.0,0.0
2023-08-01,0.0,0.0,0.0,0.0,0.0,0.0,0.0,0.0,0.0,0.0
2023-08-02,0.0,0.0,0.0,0.0,0.0,0.0,0.0,0.0,0.0,0.0
2023-08-03,0.0,0.0,0.0,0.0,0.0,0.0,0.0,0.0,0.0,0.0
2023-08-04,0.0,0.0,0.0,0.0,0.0,0.0,0.0,0.0,0.0,0.0
2023-08-05,0.0,0.0,0.0,0.0,0.0,0.0,0.0,0.0,0.0,0.0
2023-08-06,0.0,0.0,0.0,0.0,0.0,0.0,0.0,0.0,0.0,0.0
2023-08-07,0.0,0.0,0.0,0.0,0.0,0.0,0.0,0.0,0.0,0.0
2023-08-08,0.0,0.0,0.0,0.0,0.0,0.0,0.0,0.0,0.0,0.0
2023-08-09,0.0,0.0,0.0,0.0,0.0,0.0,0.0,0.0,0.0,0.0
2023-08-10,0.0,0.0,0.0,0.0,0.0,0.0,0.0,0.0,0.0,0.0
2023-08-11,0.0,0.0,0.0,0.0,0.0,0.0,0.0,0.0,0.0,0.0
2023-08-12,0.0,0.0,0.0,0.0,0.0,0.0,0.0,0.0,0.0,0.0
2023-08-13,0.0,0.0,0.0,0.0,0.0,0.0,0.0,0.0,0.0,0.0
2023-08-14,0.0,0.0,0.0,0.0,0.0,0.0,0.0,0.0,0.0,0.0
2023-08-15,0.0,0.0,0.0,0.0,0.0,0.0,0.0,0.0,0.0,0.0
2023-08-16,0.0,0.0,0.0,0.0,0.0,0.0,0.0,0.0,0.0,0.0
2023-08-17,0.0,0.0,0.0,0.0,0.0,0.0,0.0,0.0,0.0,0.0
2023-08-18,0.0,0.0,0.0,0.0,0.0,0.0,0.0,0.0,0.0,0.0
2023-08-19,0.0,0.0,0.0,0.0,0.0,0.0,0.0,0.0,0.0,0.0
2023-08-20,0.0,0.0,0.0,0.0,0.0,0.0,0.0,0.0,0.0,0.0
2023-08-21,0.0,0.0,0.0,0.0,0.0,0.0,0.0,0.0,0.0,0.0
2023-08-22,0.0,0.0,0.0,0.0,0.0,0.0,0.0,0.0,0.0,0.0
2023-08-23,0.0,0.0,0.0,0.0,0.0,0.0,0.0,0.0,0.0,0.0
2023-08-24,0.0,0.0,0.0,0.0,0.0,0.0,0.0,0.0,0.0,0.0
2023-08-25,0.0,0.0,0.0,0.0,0.0,0.0,0.0,0.0,0.0,0.0
2023-08-26,0.0,0.0,0.0,0.0,0.0,0.0,0.0,0.0,0.0,0.0
2023-08-27,0.0,0.0,0.0,0.0,0.0,0.0,0.0,0.0,0.0,0.0
2023-08-28,0.0,0.0,0.0,0.0,0.0,0.0,0.0,0.0,0.0,0.0
2023-08-29,0.0,0.0,0.0,0.0,0.0,0.0,0.0,0.0,0.0,0.0
2023-08-30,0.0,0.0,0.0,0.0,0.0,0.0,0.0,0.0,0.0,0.0
2023-08-31,0.0,0.0,0.0,0.0,0.0,0.0,0.0,0.0,0.0,0.0
2023-09-01,0.0,0.0,0.0,0.0,0.0,0.0,0.0,0.0,0.0,0.0
2023-09-02,0.0,0.0,0.0,0.0,0.0,0.0,0.0,0.0,0.0,0.0
2023-09-03,0.0,0.0,0.0,0.0,0.0,0.0,0.0,0.0,0.0,0.0
2023-09-04,0.0,0.0,0.0,0.0,0.0,0.0,0.0,0.0,0.0,0.0
2023-09-05,0.0,0.0,0.0,0.0,0.0,0.0,0.0,0.0,0.0,0.0
2023-09-06,0.0,0.0,0.0,0.0,0.0,0.0,0.0,0.0,0.0,0.0
2023-09-07,0.0,0.0,0.0,0.0,0.0,0.0,0.0,0.0,0.0,0.0
2023-09-08,0.0,0.0,0.0,0.0,0.0,0.0,0.0,0.0,0.0,0.0
2023-09-09,0.0,0.0,0.0,0.0,0.0,0.0,0.0,0.0,0.0,0.0
2023-09-10,0.0,0.0,0.0,0.0,0.0,0.0,0.0,0.0,0.0,0.0
2023-09-11,0.0,0.0,0.0,0.0,0.0,0.0,0.0,0.0,0.0,0.0
2023-09-12,0.0,0.0,0.0,0.0,0.0,0.0,0.0,0.0,0.0,0.0
2023-09-13,0.0,0.0,0.0,0.0,0.0,0.0,0.0,0.0,0.0,0.0
2023-09-14,0.0,0.0,0.0,0.0,0.0,0.0,0.0,0.0,0.0,0.0
2023-09-15,0.0,0.0,0.0,0.0,0.0,0.0,0.0,0.0,0.0,0.0
2023-09-16,0.0,0.0,0.0,0.0,0.0,0.0,0.0,0.0,0.0,0.0
2023-09-17,0.0,0.0,0.0,0.0,0.0,0.0,0.0,0.0,0.0,0.0
2023-09-18,0.0,0.0,0.0,0.0,0.0,0.0,0.0,0.0,0.0,0.0
2023-09-19,0.0,0.0,0.0,0.0,0.0,0.0,0.0,0.0,0.0,0.0
2023-09-20,0.0,0.0,0.0,0.0,0.0,0.0,0.0,0.0,0.0,0.0
2023-09-21,0.0,0.0,0.0,0.0,0.0,0.0,0.0,0.0,0.0,0.0
2023-09-22,0.0,0.0,0.0,0.0,0.0,0.0,0.0,0.0,0.0,0.0
2023-09-23,0.0,0.0,0.0,0.0,0.0,0.0,0.0,0.0,0.0,0.0
2023-09-24,0.0,0.0,0.0,0.0,0.0,0.0,0.0,0.0,0.0,0.0
2023-09-25,0.0,0.0,0.0,0.0,0.0,0.0,0.0,0.0,0.0,0.0
2023-09-26,0.0,0.0,0.0,0.0,0.0,0.0,0.0,0.0,0.0,0.0
2023-09-27,0.0,0.0,0.0,0.0,0.0,0.0,0.0,0.0,0.0,0.0
2023-09-28,0.0,0.0,0.0,0.0,0.0,0.0,0.0,0.0,0.0,0.0
2023-09-29,0.0,0.0,0.0,0.0,0.0,0.0,0.0,0.0,0.0,0.0
2023-09-30,0.0,0.0,0.0,0.0,0.0,0.0,0.0,0.0,0.0,0.0
2023-10-01,0.0,-0.0002165508923452908,0.0,0.0,0.0,-0.0002165508923452908,0.0,0.0,-0.0002165508923452908,0.0
2023-10-02,0.0,-0.004150941239736028,0.0,0.0,0.0,0.0026578389568949756,0.0,0.0,-0.0040509273575195515,0.0
2023-10-03,0.0,0.008757499216133668,0.0,0.0,0.0,0.007658393275928876,0.0,0.0,0.009367395206509865,0.0
2023-10-04,0.0,-0.0014131646935949815,0.0,0.0,0.0,0.014295002780958299,0.0,0.0,-0.0035100399372802737,0.0
2023-10-05,0.0,0.0020089340713225212,0.0,0.0,0.0,0.012456829051718188,0.0,0.0,-0.0047877009743454435,0.0
2023-10-06,0.0,-0.008136908144860344,0.0,0.0,0.0,0.013527944237829548,0.0,0.0,-0.003553777482685594,0.0
2023-10-07,0.0,-0.016535777804107754,0.0,0.0,0.0,0.016731059266769766,0.0,0.0,0.0021456305217164573,0.0
2023-10-08,0.0,-0.026924071267067196,0.0,0.0,0.0,0.018775016727498484,0.0,0.0,0.007062101308016322,0.0
2023-10-09,0.0,-0.03162266791294366,0.0,0.0,0.0,0.014451021481770354,0.0,0.0,0.007231822300109325,0.0
2023-10-10,0.0,-0.02704182113561515,0.0,0.0,0.0,0.013225179847807578,0.0,0.0,0.015538776782217267,0.0
2023-10-11,0.0,-0.03059051548887337,0.0,0.0,0.0,0.015626049562126543,0.0,0.0,0.019312973501171893,0.0
2023-10-12,0.0,-0.024395288100433232,0.0,0.0,0.0,0.009256042702309397,0.0,0.0,0.013090715064643987,0.0
2023-10-13,0.0,-0.01675764916582667,0.0,0.0,0.0,0.00639853278275182,0.0,0.0,0.02461057527234889,0.0
2023-10-14,0.0,-0.01367282227899802,0.0,0.0,0.0,0.009865014282516738,0.0,0.0,0.026532870369869732,0.0
2023-10-15,0.0,-0.01689222164918802,0.0,0.0,0.0,0.01787233327614679,0.0,0.0,0.01895885978747991,0.0
2023-10-16,0.0,-0.016924406818080717,0.0,0.0,0.0,0.019734785003735267,0.0,0.0,0.013408526613303273,0.0
2023-10-17,0.0,-0.024156732899593747,0.0,0.0,0.0,0.013394765130779973,0.0,0.0,0.011414348835977695,0.0
2023-10-18,0.0,-0.021745833925625346,0.0,0.0,0.0,0.020186706780637165,0.0,0.0,0.006027348279162181,0.0
2023-10-19,0.0,-0.020269359841420642,0.0,0.0,0.0,0.01560303769173177,0.0,0.0,0.008609055343179017,0.0
2023-10-20,0.0,-0.024479094484233466,0.0,0.0,0.0,0.01771935853594475,0.0,0.0,0.018746301275558652,0.0
2023-10-21,0.0,-0.030213669831862133,0.0,0.0,0.0,0.01842789928973576,0.0,0.0,0.01016949102811604,0.0
2023-10-22,0.0,-0.03776241948126913,0.0,0.0,0.0,0.009133378377810475,0.0,-0.0002165508923452908,0.02591422044048719,-0.0002165508923452908
2023-10-23,0.0,-0.03314554529515179,0.0,0.0,0.0,0.013795015176564895,0.0,-0.002231916520218702,0.03945458593026174,-0.0016896248193463137
2023-10-24,0.0,-0.03512669419104697,0.0,0.0,0.0,0.01761639427407946,0.0,0.0013059902633265619,0.028074939298343482,-0.006067697220080048
2023-10-25,0.0,-0.028748972030933073,0.0,0.0,0.0,0.01756251141308285,0.0,-0.004458169453606664,0.02777864747453873,-0.006605535568331211
2023-10-26,0.0,-0.027821692038730528,0.0,0.0,0.0,0.018516415505202666,0.0,-0.00877435008493499,0.036941041858706836,0.0018990030037553396
2023-10-27,0.0,-0.01728009877973169,0.0,0.0,0.0,0.01713379437524143,0.0,-0.021975584413128524,0.03734587321940519,0.013124404958749114
2023-10-28,0.0,-0.024633285950367623,0.0,0.0,0.0,0.01949650925573665,0.0,-0.016820986346340216,0.044523878121200955,0.008185593527181956
2023-10-29,0.0,-0.03127622570084987,0.0,0.0,0.0,0.01413308351285214,0.0,-0.014788764120553188,0.045766243048956046,0.006207404248972814
2023-10-30,0.0,-0.034722784351503555,0.0,0.0,0.0,0.01333022879829171,0.0,-0.019613586684926854,0.04525332324606035,-0.003509966055219582
2023-10-31,0.0,-0.03333032450169471,0.0,0.0,0.0,0.012200259529203006,0.0,-0.021449204561459823,0.039630594449106216,-0.004690708312897196
2023-11-01,0.0,-0.0373741232047593,0.0,0.0,0.0,0.005295493091449055,0.0,-0.02212065561501042,0.025139125387265482,0.013284472461065233
2023-11-02,0.0,-0.039626044933185556,0.0,0.0,0.0,-0.00016828929164969253,0.0,-0.02439393005242063,0.032467874374316974,0.015434551374310157
2023-11-03,0.0,-0.03631880114208896,0.0,0.0,0.0,0.002792984320630687,0.0,-0.029415250623588518,0.02548343063217695,0.013762079215246192
2023-11-04,0.0,-0.03189459927263061,0.0,0.0,0.0,0.011868610968960525,0.0,-0.022443995491846502,0.038476923938422836,0.017253712213954442
2023-11-05,0.0,-0.035703911135716804,0.0,0.0,0.0,0.0005110707224547095,0.0,-0.022502470691079135,0.02850322477202205,0.0053520032750802304
2023-11-06,0.0,-0.03360618390147341,0.0,0.0,0.0,0.0017462930793510356,0.0,-0.023495562791611357,0.03496251851426768,0.015763410512771525
2023-11-07,0.0,-0.045956923920675186,0.0,0.0,0.0,-0.0056930968118664715,0.0,-0.024000178304374287,0.026179543247813797,0.015684429247564635
2023-11-08,0.0,-0.04902636511937597,0.0,0.0,0.0,-0.016293094039043665,0.0,-0.021754170767026126,0.016897782011947804,0.03478750243935669
2023-11-09,0.0,-0.03848925041456408,0.0,0.0,0.0,-0.020311840951131144,0.0,-0.024228211766118113,0.018618283420405612,0.032669229829785706
2023-11-10,0.0,-0.03619838699174727,0.0,0.0,0.0,-0.012547106283914311,0.0,-0.02397891714502065,0.02327114853360257,0.03272132917461312
2023-11-11,0.0,-0.03559446615113915,0.0,0.0,0.0,-0.006106857126535026,0.0,-0.029616872147648632,0.026261519327482663,0.03911104590710024
2023-11-12,0.0,-0.04137314232263534,0.0,0.0,0.0,0.00686997871072359,0.0,-0.023629006377656636,0.04084863931312066,0.048506994953898985
2023-11-13,0.0,-0.04032199586521068,0.0,0.0,0.0,0.006181386309830339,0.0,-0.02936474904916686,0.04974243990116811,0.055237490808013545
2023-11-14,0.0,-0.038490505990363855,0.0,0.0,0.0,0.0021331900814185456,0.0,-0.023821841527001175,0.058862720525911794,0.06308621438855533
2023-11-15,0.0,-0.040260046711344644,0.0,0.0,0.0,0.00253083422472411,0.0,-0.029023979757987317,0.06085135060653579,0.06938572614631888
2023-11-16,0.0,-0.0436606592567077,0.0,0.0,0.0,0.00676226071381647,0.0,-0.033101047963052355,0.07574056896200321,0.06441861544121541
2023-11-17,0.0,-0.03704518340187457,0.0,0.0,0.0,0.005334399230471076,0.0,-0.030831866883701764,0.07620768236958475,0.06386036589306565
2023-11-18,0.0,-0.029952982166595365,0.0,0.0,0.0,0.01432428994731616,0.0,-0.030397452261528124,0.06896324189964753,0.06397790177600915
2023-11-19,0.0,-0.023590485393640725,0.0,0.0,0.0,0.010918599207286439,0.0,-0.03735389865041239,0.056042817932459243,0.06081525055904957
2023-11-20,0.0,-0.01828394112321574,0.0,0.0,0.0,0.003007506787791936,0.0,-0.03658390307441983,0.06392144160732016,0.06646642628088517
2023-11-21,0.0,-0.023728851262254214,0.0,0.0,0.0,0.00850001774724296,0.0,-0.04364773715188608,0.06823755907852536,0.06412887923467259
2023-11-22,0.0,-0.02311738495848903,0.0,0.0,0.0,0.007571009937727746,0.0,-0.037276528829451094,0.06746044540888096,0.059833343609710266
2023-11-23,0.0,-0.01588248954901983,0.0,0.0,0.0,-0.004089386077056667,0.0,-0.03409539272295348,0.07423206302640173,0.05231623613165737
2023-11-24,0.0,-0.020227525942473457,0.0,0.0,0.0,-0.008673326772181689,0.0,-0.029028208072031214,0.08022995276059897,0.05171552191204398
2023-11-25,0.0,-0.022275737752517788,0.0,0.0,0.0,-0.009533244242412975,0.0,-0.03363820609491952,0.0793857147178747,0.04628703625104502
2023-11-26,0.0,-0.01994477534667105,0.0,0.0,0.0,-0.008777618894312611,0.0,-0.028110422780791344,0.08214373748502757,0.05058373582656461
2023-11-27,0.0,-0.024474892586833663,0.0,0.0,0.0,-0.001529672146170613,0.0,-0.023807430967793808,0.09139302997041265,0.039976705799182666
2023-11-28,0.0,-0.019333051918080768,0.0,0.0,0.0,-0.0004252567737565993,0.0,-0.024213842419835374,0.10080963173191115,0.03209994774360525
2023-11-29,0.0,-0.030881656208340824,0.0,0.0,0.0,-0.0008972401369632399,0.0,-0.02629180568968381,0.11239618959940922,0.03616605426501285
2023-11-30,0.0,-0.02299853626178905,0.0,0.0,0.0,-0.005693389966091589,0.0,-0.020707898940309444,0.10523990271373429,0.033192173247651446
2023-12-01,0.0,-0.0277943212337336,0.0,0.0,0.0,-0.0002783319839205767,0.0,-0.02730669797432206,0.10739568518192133,0.05250098099204514
2023-12-02,0.0,-0.027228518003531765,0.0,0.0,0.0,0.003622291236672126,0.0,-0.028378291450749216,0.11189801303509683,0.05289173521181767
2023-12-03,0.0,-0.02442965417695042,0.0,0.0,0.0,0.0018740471871110387,0.0,-0.03573868849407136,0.12258889880155488,0.05947163274662315
2023-12-04,0.0,-0.014528922489374207,0.0,0.0,0.0,-0.005747048788658282,0.0,-0.035472611789906905,0.12520246695035953,0.053415783367617875
2023-12-05,0.0,-0.00507773819657209,0.0,0.0,0.0,-0.01357811042061352,0.0,-0.03191212989749781,0.1344473018880028,0.04474729575172787
2023-12-06,0.0,-0.012270263230577116,0.0,0.0,0.0,-0.017266546042605135,0.0,-0.03581319008939965,0.1443145480648238,0.039975712762158055
2023-12-07,0.0,-0.02027804216765361,0.0,0.0,0.0,-0.02199624433346925,0.0,-0.02900349559156068,0.14003856095767198,0.04621979269689924
2023-12-08,0.0,-0.02119966419175423,0.0,0.0,0.0,-0.02819773022359806,0.0,-0.022130651206788032,0.1416747581119997,0.0336607011521064
2023-12-09,0.0,-0.00624068383068388,0.0,0.0,0.0,-0.017737551195054158,0.0,-0.02500514338003257,0.14071022088533192,0.031185805390728127
2023-12-10,0.0,-0.005370515628810191,0.0,0.0,0.0,-0.008597770828718376,0.0,-0.028193316252668188,0.1287700788582291,0.0276308017678073
2023-12-11,0.0,-0.007260704187390776,0.0,0.0,0.0,-0.0032706394860405608,0.0,-0.02396213635440303,0.1260434722451449,0.023909368710473666
2023-12-12,0.0,-0.006994905442690769,0.0,0.0,0.0,-0.016364791230863318,0.0,-0.022676258078235367,0.12071562337497332,0.02670653602306694
2023-12-13,0.0,-0.02386216163692212,0.0,0.0,0.0,-0.021141825358004795,0.0,-0.02430478023226157,0.11298994793360584,0.03584307229588912
2023-12-14,0.0,-0.025969698810735742,0.0,0.0,0.0,-0.019607140901257925,0.0,-0.02591882294254999,0.1053053063196212,0.036399178992467585
2023-12-15,0.0,-0.025272593679855793,0.0,0.0,0.0,-0.009236029379389943,0.0,-0.03552745958725556,0.10061426747213109,0.0423294035444699
2023-12-16,0.0,-0.03136577833358256,0.0,0.0,0.0,-0.018615178669597277,0.0,-0.03148883057270413,0.1141651912169821,0.04370811941874564
2023-12-17,0.0,-0.033263113102970365,0.0,0.0,0.0,-0.019627326462458572,0.0,-0.028354761294418274,0.10591895515975969,0.0427980561852066
2023-12-18,0.0,-0.03610855134057023,0.0,0.0,0.0,-0.029378600706935654,0.0,-0.01736484710216024,0.09744101340107814,0.05376556330217497
2023-12-19,0.0,-0.03658685428075725,0.0,0.0,0.0,-0.043937118981274614,0.0,-0.02143739329165828,0.10014454556959684,0.049199523101297604
2023-12-20,0.0,-0.035589039821718904,0.0,0.0,0.0,-0.04224287940545124,0.0,-0.02690185149519475,0.09789891596581057,0.04657448135116771
2023-12-21,0.0,-0.03484756385119847,0.0,0.0,0.0,-0.04332636110157706,0.0,-0.021851752354976384,0.0969464310199788,0.051991762669554964
2023-12-22,0.0,-0.0456286533385073,0.0,0.0,0.0,-0.03931570348561719,0.0,-0.029367838321740836,0.09282419397484643,0.05582967265494454
2023-12-23,0.0,-0.03801483366423286,0.0,0.0,0.0,-0.048049574840687614,0.0,-0.03499171755413244,0.07674547485713412,0.06316689607782866
2023-12-24,0.0,-0.04642192194514505,0.0,0.0,0.0,-0.05351010287844937,0.0,-0.03928996927849748,0.06874388577307577,0.06525842037354468
2023-12-25,0.0,-0.05441694353175386,0.0,0.0,0.0,-0.05385529467843808,0.0,-0.050568599884199705,0.06714712625443031,0.06435782646916377
2023-12-26,0.0,-0.05731651648644176,0.0,0.0,0.0,-0.05697626980429571,0.0,-0.047391117336279875,0.0704668097225607,0.05681615042086152
2023-12-27,0.0,-0.05019277860000615,0.0,0.0,0.0,-0.050604301498295534,0.0,-0.057943693750293956,0.06269123165726986,0.04376618840897617
2023-12-28,0.0,-0.05212499468357967,0.0,0.0,0.0,-0.05289408448605204,0.0,-0.061736357938018016,0.06784927742579772,0.059114439362241145
2023-12-29,0.0,-0.04832752065068047,0.0,0.0,0.0,-0.04322128020066307,0.0,-0.06154869915879324,0.09009572816738798,0.04856619430565612
2023-12-30,0.0,-0.047176500896046414,0.0,0.0,0.0,-0.04223981430961887,0.0,-0.0636197037779428,0.08981438065309022,0.04513177989130246
2023-12-31,0.0,-0.04316732329095185,0.0,0.0,0.0,-0.0395150950551556,0.0,-0.058555253422200804,0.10278048339173895,0.046955425669953144
2024-01-01,0.0,-0.04639263704426755,0.0,0.0,0.0,-0.03881051980258765,0.0,-0.05672506822785717,0.09462531790982287,0.0423866712109493
2024-01-02,0.0,-0.04293491088288104,0.0,0.0,0.0,-0.03819873770208948,0.0,-0.05751649926670599,0.08633382636224063,0.04120512464812376
2024-01-03,0.0,-0.05430919635170628,0.0,0.0,0.0,-0.03656383826092713,0.0,-0.061096662565960136,0.09134755291656793,0.03320490297811762
2024-01-04,0.0,-0.052295966878847744,0.0,0.0,0.0,-0.03228767128353227,0.0,-0.06277768130349737,0.08740303594567389,0.04272803633859956
2024-01-05,0.0,-0.0559216369186728,0.0,0.0,0.0,-0.017186801231337645,0.0,-0.05520220922683061,0.08723102903904345,0.049281644500501764
2024-01-06,0.0,-0.05988702207652663,0.0,0.0,0.0,-0.012042919217603365,0.0,-0.052859233955809826,0.10423053949979755,0.04653128364167647
2024-01-07,0.0,-0.06721244818067762,0.0,0.0,0.0,-0.026596063295040606,0.0,-0.05966164136568686,0.09593355612264731,0.050041798802901605
2024-01-08,0.0,-0.07173182412281365,0.0,0.0,0.0,-0.02965973695426527,0.0,-0.05777873923346688,0.10213362206924881,0.03970975252497766
2024-01-09,0.0,-0.072989140104187,0.0,0.0,0.0,-0.034517907553071714,0.0,-0.05931095509313322,0.10948731798590927,0.030233822200431693
2024-01-10,0.0,-0.07837745944563035,0.0,0.0,0.0,-0.0371188691424279,0.0,-0.05166955277890939,0.10140309562759153,0.0251158372648721
2024-01-11,0.0,-0.0756414800357843,0.0,0.0,0.0,-0.048048461398703446,0.0,-0.048429550250967845,0.11630235056450444,0.019804357027771724
2024-01-12,0.0,-0.08222469648947228,0.0,0.0,0.0,-0.05918903747913795,0.0,-0.05166644077053961,0.11648977920520465,0.03661033124124047
2024-01-13,0.0,-0.07958276212630999,0.0,0.0,0.0,-0.0629096815939374,0.0,-0.042022718377950685,0.1120389079294064,0.0371260498204109
2024-01-14,0.0,-0.0762971353700147,0.0,0.0,0.0,-0.06312768660641543,0.0,-0.050798777267060724,0.1159593570674391,0.032893803937950494
2024-01-15,0.0,-0.07511839975387768,0.0,0.0,0.0,-0.060663994649677866,0.0,-0.05114842350818638,0.13928613779867693,0.033511642794694874
2024-01-16,0.0,-0.06624080642900976,0.0,0.0,0.0,-0.06883892994741514,0.0,-0.048917098530027125,0.13808984332063123,0.03683728160173083
2024-01-17,0.0,-0.0656825681513693,0.0,0.0,0.0,-0.0663322876794713,0.0,-0.056776108329450126,0.14047006479373225,0.025433847668614007
2024-01-18,0.0,-0.0722667512312336,0.0,0.0,0.0,-0.0648748913675462,0.0,-0.058906061503465335,0.13718455398449514,0.01861112282730537
2024-01-19,0.0,-0.07333219969409732,0.0,0.0,0.0,-0.07042683691091167,0.0,-0.059864164228435546,0.1339227572140662,0.003938019970050721
2024-01-20,0.0,-0.0681617715453603,0.0,0.0,0.0,-0.06750698210777484,0.0,-0.055126199077586424,0.1429284664644841,0.014915441490861214
2024-01-21,0.0,-0.0659541966237347,0.0,0.0,0.0,-0.07003899392927115,0.0,-0.06660390002858896,0.14296496339529652,0.00864355296333863
2024-01-22,0.0,-0.06371277394314423,0.0,0.0,0.0,-0.06747999305466945,0.0,-0.07486935241220283,0.14276634167804625,0.013498773852835155
2024-01-23,0.0,-0.05785009105196459,0.0,0.0,0.0,-0.0665195950352343,0.0,-0.07311629863783142,0.13205284970032638,0.012929390286693154
2024-01-24,0.0,-0.05870446236788063,0.0,0.0,0.0,-0.06965851256781186,0.0,-0.06523970293552794,0.1332727432022276,0.004867959550949319
2024-01-25,0.0,-0.062194955959049336,0.0,0.0,0.0,-0.07769123291944802,0.0,-0.06100290150500021,0.13497227769353004,0.006657496041589495
2024-01-26,0.0,-0.05931802662027197,0.0,0.0,0.0,-0.07633533011101623,0.0,-0.06276399589210246,0.1274949992007377,0.01718342232058001
2024-01-27,0.0,-0.06365207273205176,0.0,0.0,0.0,-0.07795330305996162,0.0,-0.06421212895333894,0.1351318869930418,0.017974550485459595
2024-01-28,0.0,-0.0602872726322623,0.0,0.0,0.0,-0.07359590143174055,0.0,-0.06612999930245123,0.12683243331751126,0.027069940626320177
2024-01-29,0.0,-0.05928645261111043,0.0,0.0,0.0,-0.07011490176187296,0.0,-0.07591004453242545,0.12665855907074208,0.03118612812093935
2024-01-30,0.0,-0.058512399943570825,0.0,0.0,0.0,-0.0751668288639884,0.0,-0.08701798920523718,0.11416336248316372,0.03474841482903823
2024-01-31,0.0,-0.059408348881901385,0.0,0.0,0.0,-0.06952650920122627,0.0,-0.08064317201484716,0.11816508933110592,0.036474782936795735
2024-02-01,0.0,-0.06061484303414477,0.0,0.0,0.0,-0.07278835923635574,0.0,-0.07486765013374364,0.12276563477720104,0.038618935120694475
2024-02-02,0.0,-0.07339541995125398,0.0,0.0,0.0,-0.06594461421776476,0.0,-0.07764301150354469,0.13105802545924905,0.04435953595453079
2024-02-03,0.0,-0.08033579028424931,0.0,0.0,0.0,-0.06677486143393974,0.0,-0.07741470793545113,0.12237727791964681,0.04255675679912585
2024-02-04,0.0,-0.08614266127769032,0.0,0.0,0.0,-0.07662261561144934,0.0,-0.07798290642103711,0.12096684432442939,0.04664422158473491
2024-02-05,0.0,-0.08679104019733519,0.0,0.0,0.0,-0.07815448186188922,0.0,-0.07875838680623626,0.1280182823475995,0.04726430989902486
2024-02-06,0.0,-0.08044427328647541,0.0,0.0,0.0,-0.07583552466919607,0.0,-0.08475869300378724,0.12759166376642028,0.04589467994929941
2024-02-07,0.0,-0.07542194609942521,0.0,0.0,0.0,-0.07159412560494738,0.0,-0.08236914579258525,0.1390194190011369,0.03348185330345088
2024-02-08,0.0,-0.07090672424257916,0.0,0.0,0.0,-0.07133983117113984,0.0,-0.08740425849963407,0.13044864847842597,0.03692281760053051
2024-02-09,0.0,-0.07833989661621055,0.0,0.0,0.0,-0.07572633155544706,0.0,-0.08398382717447128,0.1416869829489058,0.028197296787893622
2024-02-10,0.0,-0.0729963982359586,0.0,0.0,0.0,-0.08719458577495676,0.0,-0.07269255661507812,0.13553351875349828,0.04120160575289766
2024-02-11,0.0,-0.07638472932070794,0.0,0.0,0.0,-0.0861700018997068,0.0,-0.06570277813379977,0.1251330009238465,0.044605544187132695
2024-02-12,0.0,-0.07755116801853601,0.0,0.0,0.0,-0.08820719165867452,0.0,-0.07052641163954576,0.13295221269057622,0.05355979826824919
2024-02-13,0.0,-0.0866261109973755,0.0,0.0,0.0,-0.08399319406443029,0.0,-0.07904684155084496,0.12415746247971482,0.06422650017466669
2024-02-14,0.0,-0.0876974746244642,0.0,0.0,0.0,-0.08264693034108506,0.0,-0.08269976085500996,0.12463563203840189,0.06150182603269316
2024-02-15,0.0,-0.08760151861933485,0.0,0.0,0.0,-0.07707157268572451,0.0,-0.07956344353563616,0.12216393333790165,0.07230655040036726
2024-02-16,0.0,-0.08422583889840518,0.0,0.0,0.0,-0.07954182886767425,0.0,-0.0747804688937288,0.10396806197617225,0.06335432414516062
2024-02-17,0.0,-0.08776461084477316,0.0,0.0,0.0,-0.07684846153293057,0.0,-0.07512014854042526,0.11087096872492608,0.06627948215776325
2024-02-18,0.0,-0.08727121587010078,0.0,0.0,0.0,-0.08077727738849905,0.0,-0.07342833680064087,0.11465200337354009,0.0696877526386952
2024-02-19,0.0,-0.08879193935118013,0.0,0.0,0.0,-0.0778604460660327,0.0,-0.07251441933305458,0.11882461214567774,0.07707836020027092
2024-02-20,0.0,-0.08299486591616034,0.0,0.0,0.0,-0.06807785783212295,0.0,-0.06833109097641832,0.11790210043098415,0.08625914786678113
2024-02-21,0.0,-0.08310055343907097,0.0,0.0,0.0,-0.0684472573622269,0.0,-0.06567692171566375,0.13302554351495077,0.08661560510708965
2024-02-22,0.0,-0.08031844272746069,0.0,0.0,0.0,-0.07008458320366473,0.0,-0.05782511093020437,0.12213886176506605,0.10013178681989765
2024-02-23,0.0,-0.08470257734833608,0.0,0.0,0.0,-0.07239979151237552,0.0,-0.06979584250387783,0.11078151879920006,0.08638819924591412
2024-02-24,0.0,-0.08250411512547806,0.0,0.0,0.0,-0.06408472663956188,0.0,-0.07275263125395204,0.10581358451431844,0.08636212059861825
2024-02-25,0.0,-0.0858358713203321,0.0,0.0,-0.0002165508923452908,-0.07175079676666851,0.0,-0.06763815509021964,0.1013259619863176,0.08853957577405347
2024-02-26,0.0,-0.089574202364464,0.0,0.0,-0.004673530817989824,-0.07087732393739332,0.0,-0.06006874945973828,0.1005931552054442,0.09379329552871174
2024-02-27,0.0,-0.08335784166644433,0.0,0.0,-0.00014183470954476363,-0.05931428483874035,0.0,-0.06467395195798697,0.10796525539591784,0.08452685980785613
2024-02-28,0.0,-0.07978911480565931,0.0,0.0,0.00747746331437682,-0.05786121676033462,0.0,-0.06513211916738093,0.11592136467838632,0.09459119410864147
2024-02-29,0.0,-0.08255991698084253,0.0,0.0,0.004459671431390921,-0.04814571083241881,0.0,-0.05996140293702257,0.11979393387385517,0.07931710838022221
2024-03-01,0.0,-0.09032681142890231,0.0,0.0,0.011860677362047323,-0.041024502396797,0.0,-0.05140500095691891,0.11675694893691357,0.08687468755873873
2024-03-02,0.0,-0.08758282982368004,0.0,0.0,0.005241201076328972,-0.0335824768394416,0.0,-0.05336277784221133,0.11088499869709922,0.09639296051465185
2024-03-03,0.0,-0.0838413517527522,0.0,0.0,-0.005842595293990227,-0.032501223817527736,0.0,-0.06370606929344047,0.11091042549848829,0.08020122201037316
2024-03-04,0.0,-0.08372819112448471,0.0,0.0,-0.011932827197221663,-0.022548898338348167,0.0,-0.06657939551739822,0.10871819595265508,0.08624092782085624
2024-03-05,0.0,-0.087775705594061,0.0,0.0,-0.004764206247318881,-0.024391281732246584,0.0,-0.061844890257646945,0.11676010275443849,0.1014907174196098
2024-03-06,0.0,-0.08682616979630675,0.0,0.0,-0.007534894027332539,-0.027023448655606908,0.0,-0.05505305711979003,0.11503134501551626,0.10257712129149632
2024-03-07,0.0,-0.088937831933812,0.0,0.0,-0.007024933700695346,-0.036287941564257964,0.0,-0.05675071841667689,0.14168471915755476,0.10416844376302037
2024-03-08,0.0,-0.07897688969863614,0.0,0.0,-0.003426122340917548,-0.03357198606235645,0.0,-0.05203503578635282,0.14534521753397311,0.09628623768438693
2024-03-09,0.0,-0.07062724752944216,0.0,0.0,-0.013602347293944272,-0.025419867042742017,0.0,-0.048782563929489875,0.1258482887457284,0.08929280196322908
2024-03-10,0.0,-0.07003705456591192,0.0,0.0,-0.015855353903933223,-0.026006806056911747,0.0,-0.05958171398027201,0.13321249843888872,0.08790961729147861
2024-03-11,0.0,-0.07424596935241812,0.0,0.0,-0.01796829327070304,-0.029320827825485507,0.0,-0.06726320868714264,0.1242156365831919,0.08363705822251388
2024-03-12,0.0,-0.07783327537472429,0.0,0.0,-0.01958966649897742,-0.020164259833855613,0.0,-0.06208971008042008,0.12413341289760949,0.08176147787645593
2024-03-13,0.0,-0.07183696423912966,0.0,0.0,-0.028207791611277955,-0.015409110994399011,0.0,-0.06898350526872121,0.1411667388778708,0.08434006281461737
2024-03-14,0.0,-0.06930772328155221,0.0,0.0,-0.02719273942781042,-0.016001404155972843,0.0,-0.06634558313722771,0.14880414560073074,0.07591789841401986
2024-03-15,0.0,-0.07294744341543435,0.0,0.0,-0.01888830511853956,-0.012870860200074219,0.0,-0.05820400379260293,0.16556372179302326,0.07880437455989453
2024-03-16,0.0,-0.07779714260623372,0.0,0.0,-0.020267929242840044,-0.007178842300028188,0.0,-0.05174695047678357,0.177283410913478,0.07755930286026835
2024-03-17,0.0,-0.07671271165564642,0.0,0.0,-0.015092645335418431,-0.00265413832953465,0.0,-0.05565753378506155,0.17167198434593645,0.08480580143188621
2024-03-18,0.0,-0.08654496035239312,0.0,0.0,-0.02248299262451059,-0.005644114401322176,0.0,-0.06071027403570506,0.16666731603910923,0.09651665979059332
2024-03-19,0.0,-0.08501779777605345,0.0,0.0,-0.01335608136457822,-0.00687323719825772,0.0,-0.06265124065467664,0.17460542283988167,0.10785779181847799
2024-03-20,0.0,-0.0881504358337134,0.0,0.0,-0.01835398060335236,-0.009651627791323336,0.0,-0.0623378492604415,0.18676667169994166,0.1123456158864744
2024-03-21,0.0,-0.0950375364261743,0.0,0.0,-0.010899916962250566,-0.004736448699973472,0.0,-0.0634713073320664,0.19236586603413275,0.12242605528808115
2024-03-22,0.0,-0.10163005999504227,0.0,0.0,-0.017507544097546512,0.0029872131351602604,0.0,-0.05867784632500139,0.1883600430317518,0.12209127137298825
2024-03-23,0.0,-0.10654874998241648,0.0,0.0,-0.005345254117149367,-0.006297603663648177,0.0,-0.059688742655434224,0.19439395825770056,0.11677025201786573
2024-03-24,0.0,-0.11087606107408643,0.0,0.0,-0.009250293057243342,-0.010874741690046319,0.0,-0.06319806513531623,0.18850948431509118,0.11907033910099529
2024-03-25,0.0,-0.1157426503058755,0.0,0.0,-0.008649495639885263,-0.005379382092046581,0.0,-0.05343944797563405,0.17551278211126942,0.13264038937057054
2024-03-26,0.0,-0.11417403491754785,0.0,0.0,-0.006816147285722329,-0.010015081340207344,0.0,-0.050511824352566626,0.15044961276168167,0.15823150947096765
2024-03-27,0.0,-0.1191839825837121,0.0,0.0,-0.019489624555286578,-0.014304438658024998,0.0,-0.06399632081878392,0.14239373018042967,0.15296124049248672
2024-03-28,0.0,-0.11191369666608919,0.0,0.0,-0.02348348834884173,-0.022761283469889926,0.0,-0.055163141836296226,0.15700043278656395,0.15636793469828691
2024-03-29,0.0,-0.10932632587785573,0.0,0.0,-0.02205553585890352,-0.024873401292273,0.0,-0.04975780081358194,0.1396661332418676,0.14875911173618062
2024-03-30,0.0,-0.10630384208295751,0.0,0.0,-0.032556511658465626,-0.024513184578283442,0.0,-0.05344818678026497,0.1466308487503285,0.14879192028866206
2024-03-31,0.0,-0.10582639356389112,0.0,0.0,-0.024235643847105637,-0.03252142942602765,0.0,-0.05534903169628447,0.14347074746720678,0.15365136143997193
2024-04-01,0.0,-0.10450135106854674,0.0,0.0,-0.03037559213900176,-0.02920470890087512,0.0,-0.05121443730012276,0.13986110822768127,0.16226840672008302
2024-04-02,0.0,-0.10876783567107229,0.0,0.0,-0.030794807439128657,-0.019236451262514054,0.0,-0.046069733708328786,0.13528163781658442,0.1710794492413028
2024-04-03,0.0,-0.11013090144067361,0.0,0.0,-0.03382473807364916,-0.01506535104863338,0.0,-0.04755391736780279,0.12062692624898985,0.1740906376619229
2024-04-04,0.0,-0.11219473479870035,0.0,0.0,-0.02592413561246798,-0.017727680558935144,0.0,-0.04731939373059668,0.12115514271691463,0.17342725157218508
2024-04-05,0.0,-0.11629036051713793,0.0,0.0,-0.020291780441084706,-0.021908435269208826,0.0,-0.04372911726142403,0.11297095554206349,0.18251257600428872
2024-04-06,0.0,-0.11569226889584927,0.0,0.0,-0.02147605260129637,-0.020446118480041076,0.0,-0.049650963035640316,0.11436058886079525,0.19640528527930146
2024-04-07,0.0,-0.11602421886913095,0.0,0.0,-0.025872571063019767,-0.016156100324579814,0.0,-0.056230515251582514,0.10581322497195567,0.20213699575037514
2024-04-08,0.0,-0.11396761504679387,0.0,0.0,-0.03242294995110073,-0.022923856074894,0.0,-0.05711250172717364,0.1078693282939247,0.20157083117388241
2024-04-09,0.0,-0.11159511976267356,0.0,0.0,-0.03388513590328701,-0.0249010757146626,0.0,-0.0612781395359876,0.12614065540185804,0.20020860238221383
2024-04-10,0.0,-0.11191859332004028,0.0,0.0,-0.029542733945987165,-0.027550006582821807,0.0,-0.06528629574861267,0.12119893831814355,0.2048117312214086
2024-04-11,0.0,-0.1151622517317139,0.0,0.0,-0.030212006319317086,-0.02284234202013624,0.0,-0.06397273081678412,0.14081286631453938,0.22794718928419955
2024-04-12,0.0,-0.1147568618875403,0.0,0.0,-0.03414719043828163,-0.02205849752659106,0.0,-0.052236471804409934,0.15013251298518915,0.22702159142562262
2024-04-13,0.0,-0.11525686247714584,0.0,0.0,-0.031038676525453557,-0.01119146203188115,0.0,-0.05084830871537982,0.14862532759528113,0.22177765482549505
2024-04-14,0.0,-0.11865164904252423,0.0,0.0,-0.03302416379556672,-0.005313118747402257,0.0,-0.045699466435395686,0.1554375212946284,0.2271953072303734
2024-04-15,0.0,-0.12215517398829212,0.0,0.0,-0.024070473325623065,0.0074392462376215995,0.0,-0.046968275394200676,0.15611309039595356,0.21818542698800059
2024-04-16,0.0,-0.12127027167215243,0.0,0.0,-0.025926655001761834,0.007655166977383443,0.0,-0.04760387652452469,0.1382314443864887,0.21383940608747998
2024-04-17,0.0,-0.1272135429875373,0.0,0.0,-0.025350888547279293,0.006132350183258417,0.0,-0.05438432120735481,0.14670672548185792,0.2106076116509461
2024-04-18,0.0,-0.13562059275383853,0.0,0.0,-0.03330657047763397,0.006544070006842206,0.0,-0.05424475657774308,0.14820769501413178,0.21886948314643395
2024-04-19,0.0,-0.1378227627667975,0.0,0.0,-0.03788485434209732,0.0002512872152113932,0.0,-0.05774871952835525,0.13052876623844378,0.22175620765626003
2024-04-20,0.0,-0.13457085043532335,0.0,0.0,-0.03926823292499093,0.0007734833407941899,0.0,-0.06726925438883968,0.1348047251085449,0.22882839825708623
2024-04-21,0.0,-0.13941437435780113,0.0,0.0,-0.03936416239160023,-0.003349311510101982,0.0,-0.06378761007804468,0.1284390544532088,0.21847019371358
2024-04-22,0.0,-0.14672335294651317,0.0,0.0,-0.02911992755109616,0.004026294887658377,0.0,-0.06595388120548962,0.12910023259475878,0.2333288727071905
2024-04-23,0.0,-0.14734191266355123,0.0,0.0,-0.026828005618650175,0.0009746185307208943,0.0,-0.061254134820251216,0.13783840090898014,0.24149719419741866
2024-04-24,0.0,-0.15153237934266606,0.0,0.0,-0.025517163577046587,-0.007115709246225954,0.0,-0.06286570686206183,0.15720927638366233,0.23539695668540928
2024-04-25,0.0,-0.15240242608306287,0.0,0.0,-0.03515975606230182,-0.0063633595313701274,0.0,-0.06413990452515295,0.14388464745509522,0.24092322817061884
2024-04-26,0.0,-0.15524384099002608,0.0,0.0,-0.027366322735048243,-0.01585829217525281,0.0,-0.07376436725487745,0.13396582473688956,0.24956158583664712
2024-04-27,0.0,-0.1517411386081181,0.0,0.0,-0.038395705875223896,-0.01175003092874305,0.0,-0.077323420804431,0.14143364528495228,0.24900501407474773
2024-04-28,0.0,-0.14957419323609367,-0.0002165508923452908,0.0,-0.036464883192697584,-0.0016136808975759642,0.0,-0.0786963502131619,0.135982054250525,0.24395307599148208
2024-04-29,0.0,-0.15034342159864844,0.014152260962611685,0.0,-0.035640824468308185,0.009839400850458091,0.0,-0.07506013539233525,0.144515921382663,0.23476036218062646
2024-04-30,0.0,-0.15783708556823717,0.019047409677524607,0.0,-0.04123743095061905,0.014598264716602527,0.0,-0.08255943943662358,0.13863519820359227,0.2260783165952034
2024-05-01,0.0,-0.1581110276686324,0.028278365794439653,0.0,-0.04423068943995645,0.00867966654787744,0.0,-0.0806444810742043,0.15414564335389236,0.24405031359220386
2024-05-02,0.0,-0.16379310233717048,0.02595846399561408,0.0,-0.05383428805852564,-0.0007453734876239348,0.0,-0.07638094078413005,0.1614241798258511,0.2404766223223449
2024-05-03,0.0,-0.16440672953053836,0.01214664213431127,0.0,-0.053728091062514305,-0.010981025417987733,0.0,-0.07654366992325079,0.15920675503714832,0.24456240976842314
2024-05-04,0.0,-0.16560378371079587,0.0070525776990080224,0.0,-0.050011679130353204,-0.014442758504773168,0.0,-0.07240734262130921,0.1530537287324314,0.23436903098574757
2024-05-05,0.0,-0.16645708460051067,0.011518549175386639,0.0,-0.04254381966365439,-0.017845619027258564,0.0,-0.07159601397781323,0.1369008037324584,0.23898033744616698
2024-05-06,0.0,-0.16508649001760278,0.0038823536760002053,0.0,-0.04396997357049848,-0.008549703900512795,0.0,-0.06980139452669187,0.12539830324124712,0.2276814457660703
2024-05-07,0.0,-0.16042752524081483,-0.0022001627091665643,0.0,-0.040906950776077755,-0.00908270406926559,0.0,-0.06550155954191361,0.1182563840167965,0.21991915064874323
2024-05-08,0.0,-0.15213378778035835,-0.001535278870904322,0.0,-0.04830732740843746,-0.014602927874365124,0.0,-0.05954781027528977,0.13034200580236477,0.22248587711756462
2024-05-09,0.0,-0.1538138515272608,-0.005535557153004356,0.0,-0.05128110226608906,-0.02193050145093456,0.0,-0.05068791162780428,0.12552530285646957,0.22624400550002743
2024-05-10,0.0,-0.1524749242068867,-0.005804007782881149,0.0,-0.04784744999265389,-0.02947776751335618,0.0,-0.042706022655804476,0.12241185440241731,0.22890374372042688
2024-05-11,0.0,-0.14577290859448078,0.008731403835717355,0.0,-0.042150331986070655,-0.040886478129031345,0.0,-0.04041384507708845,0.11787457551090696,0.23978389678742973
2024-05-12,0.0,-0.145358831433138,0.011212090725826851,0.0,-0.053783764185218685,-0.04263387410655417,0.0,-0.05174550643233877,0.11398532630300418,0.24157716252689876
2024-05-13,0.0,-0.14490705531859283,0.013376956398009288,0.0,-0.05850721221411903,-0.04992019381009327,0.0,-0.045171837525766034,0.11878707918117382,0.2387299987695135
2024-05-14,0.0,-0.1413525811024947,0.02358470076354502,0.0,-0.053011837795098216,-0.056303202245916895,0.0,-0.027799706658520384,0.10970168688222404,0.24045390600800465
2024-05-15,0.0,-0.14307066120650935,0.03791650955425552,0.0,-0.05295832331338124,-0.05850938779482895,0.0,-0.027328607036058328,0.10482462554562177,0.24316457094480182
2024-05-16,0.0,-0.14386851839955317,0.0319719783382042,0.0,-0.048498919010721675,-0.0535050547705177,0.0,-0.029670563408812578,0.09311259063570576,0.2479043640763987
2024-05-17,0.0,-0.13932203280203004,0.02668563817549585,0.0,-0.05284805599094944,-0.054684626643930145,0.0,-0.03067663138351906,0.07646915737868687,0.2638405636260308
2024-05-18,0.0,-0.14058125639257435,0.02072173775378383,0.0,-0.05033665578259361,-0.046281107625846696,0.0,-0.01982313331232577,0.08457177096036483,0.26907038062686595
2024-05-19,0.0,-0.14168243393085256,0.03187446700062657,0.0,-0.05376331013670188,-0.044746175316405346,0.0,-0.02024112132901923,0.09063855858716252,0.2789165574881427
2024-05-20,0.0,-0.14255837586523734,0.03455149978914296,0.0,-0.04245789289180768,-0.03917104085605483,0.0,-0.02646287323123231,0.0963304808228087,0.2678884019119534
2024-05-21,0.0,-0.1422384521788116,0.027733293049364782,0.0,-0.04967647493871741,-0.041446530601645715,0.0,-0.025530695878594134,0.09053588813002045,0.2871234916316683
2024-05-22,0.0,-0.14908018150403546,0.02157864285491673,0.0,-0.05110451704744967,-0.033591574166952354,0.0,-0.026172606432430245,0.08507601753624972,0.29351922445642953
2024-05-23,0.0,-0.15712992813682036,0.025671766096444948,0.0,-0.05980438629023366,-0.03191541462348024,0.0,-0.024465445918133932,0.08222950366047765,0.2794399320294858
2024-05-24,0.0,-0.15764736424668735,0.034772864278475035,0.0,-0.05906350358481893,-0.03218805181393891,0.0,-0.036811289361891375,0.09224133283267233,0.2760811719997869
2024-05-25,0.0,-0.16115480474102095,0.033268221075730686,0.0,-0.04789452043548492,-0.023221592419201964,0.0,-0.03258792479365569,0.09581030726008488,0.2766916111472091
2024-05-26,0.0,-0.161842072960944,0.024770906442145524,0.0,-0.04599815974899568,-0.012720657861723272,0.0,-0.030529701635511275,0.10093621253039475,0.30236753563624075
2024-05-27,0.0,-0.16215163343453165,0.03534389411318961,0.0,-0.03856232649900371,-0.005625468920688381,0.0,-0.04112323989780886,0.10756022001133547,0.2839895193086144
2024-05-28,0.0,-0.16267905202295163,0.054294038416195844,0.0,-0.039713919316841095,-0.011936998466851034,0.0,-0.042007407761360804,0.11229754746078568,0.27988082793441604
2024-05-29,0.0,-0.16180143622275045,0.05778295806639244,0.0,-0.04460264938994474,-0.014596811504930751,0.0,-0.035250062329595266,0.10760971171306899,0.2933362212245436
2024-05-30,0.0,-0.15770642004512014,0.055508272434503736,0.0,-0.03970437987611164,-0.014522299821634,0.0,-0.030577287249530127,0.11557878588812409,0.30815763686245523
2024-05-31,0.0,-0.1570191199930383,0.03843194558583862,0.0,-0.04771371214888398,-0.02470162557733735,0.0,-0.0284057057693341,0.11618738297696551,0.3212057103822261
2024-06-01,0.0,-0.1589040451953886,0.04953632976719402,0.0,-0.04510110622125718,-0.018086506567250193,0.0,-0.032484250848913376,0.11880509411484375,0.33105644023841285
2024-06-02,0.0,-0.1618873838090772,0.05925458977488818,0.0,-0.05087046708319598,-0.025838089240253326,0.0,-0.04359787385783642,0.1339019323741717,0.32500077792034143
2024-06-03,0.0,-0.16115422618109576,0.07955012237367498,0.0,-0.06533949449048915,-0.030743455588496782,0.0,-0.03964166417566839,0.1405457040510567,0.3270648607369617
2024-06-04,0.0,-0.15956197184035825,0.0868765744989568,0.0,-0.06784281421979843,-0.028009012339424988,0.0,-0.03338957037271051,0.13462941265199801,0.3278919601828836
2024-06-05,0.0,-0.15475645210523326,0.09154835340868717,0.0,-0.06171237331180435,-0.016435370315514786,0.0,-0.024647523153046302,0.14044468555915146,0.34245152178698035
2024-06-06,0.0,-0.1540215994907066,0.09228931381569416,0.0,-0.06285222415672709,-0.01366633804644668,0.0,-0.02866600023799981,0.12771088687687904,0.3290317962950837
2024-06-07,0.0,-0.14635171149520132,0.10540447160569744,0.0,-0.05963100731983462,-0.014337948967914627,0.0,-0.028275411393128835,0.13094611956210378,0.3185605326220169
2024-06-08,0.0,-0.15120360456301074,0.10075044730986726,0.0,-0.051737833603484384,-0.0036428522830799226,0.0,-0.03600261709287811,0.13419203514485822,0.2979339518184143
2024-06-09,0.0,-0.15067958332989118,0.10695777436353593,0.0,-0.0525468448389772,-0.0101437109433129,0.0,-0.02897117726301046,0.12265113088095014,0.298729762457111
2024-06-10,0.0,-0.14767021551698634,0.11568321596886855,0.0,-0.04938022486454652,-0.008834841767366708,0.0,-0.028255907584313955,0.11406327963980334,0.31481521953309
2024-06-11,0.0,-0.14463217148054164,0.12267791021937313,0.0,-0.047203578483337116,-0.02162204608977003,0.0,-0.02551960254423613,0.1089272510447219,0.29138187624137313
2024-06-12,0.0,-0.1425670370150377,0.12622616724383917,0.0,-0.04623384444827694,-0.019636996787123162,0.0,-0.027525905633233427,0.10365341375392956,0.3160309006382327
2024-06-13,0.0,-0.13741021400923958,0.12076602699393502,0.0,-0.04934116873585792,-0.021473241596895787,0.0,-0.019428535767092026,0.09979443500523177,0.33924671334290935
2024-06-14,0.0,-0.14027501443684132,0.12590105815973907,0.0,-0.04348517723306189,-0.013126120080204196,0.0,-0.02061023915985072,0.11361889623297539,0.3216375275960923
2024-06-15,0.0,-0.14552944989205263,0.13651151394904493,0.0,-0.04297637350774408,-0.005344067285981913,0.0,-0.019640633816395137,0.11890217510902912,0.32569547497383855
2024-06-16,0.0,-0.14182089546042553,0.14363443017656996,0.0,-0.04048528458120737,-0.010802723903153066,0.0,-0.011971290723953532,0.11510659929838107,0.32384510275755174
2024-06-17,0.0,-0.14049761982119757,0.15753969525770417,0.0,-0.03842359965753128,-0.008745603046318329,0.0,-0.00987735565453196,0.10532342253428895,0.3325817592347793
2024-06-18,0.0,-0.13714471383289972,0.14871611475902324,0.0,-0.03244526736918096,-0.005902338809154806,0.0,-0.01268430243204155,0.10658335792195062,0.31593370536333465
2024-06-19,0.0,-0.12870133378376303,0.14491106918012253,0.0,-0.029480628402787534,-0.01050428263675307,0.0,-0.014699501978175156,0.10314103141696496,0.3108917247695484
2024-06-20,0.0,-0.1269152722492909,0.1424747069855865,0.0,-0.03281623498575792,-0.02164918760346013,0.0,-0.018755152415052212,0.1022223601638399,0.30492324812860283
2024-06-21,0.0,-0.12785973113432747,0.12387824449020002,0.0,-0.03441330259818287,-0.016005853792996905,0.0,-0.02919155944484364,0.10248817739820693,0.32338933578649964
2024-06-22,0.0,-0.12623098345084582,0.13562468652042847,0.0,-0.026823842057129288,-0.009420053356720692,0.0,-0.02956463764508832,0.0928569476043799,0.2992393768130457
2024-06-23,0.0,-0.1306527999528866,0.12816903986889927,0.0,-0.03436347739632273,-0.011265858598542344,0.0,-0.02976737149267694,0.10005525180935715,0.3119260270249127
2024-06-24,0.0,-0.12146556693116561,0.13428301286791844,0.0,-0.03658341960268352,-0.0129110380609736,0.0,-0.02046180568286249,0.09337378608398961,0.3145321173355433
2024-06-25,0.0,-0.12488312640326005,0.1443807192041595,0.0,-0.02863333658062428,-0.012157867523663879,0.0,-0.0293993923048248,0.08967654678038461,0.3159162026007456
2024-06-26,0.0,-0.12115343629210484,0.15533948442571122,0.0,-0.015460520753469709,-0.01206681872157278,0.0,-0.032488790815333624,0.08058852994136334,0.2918964702119988
2024-06-27,0.0,-0.10850689066436792,0.15489334023565515,0.0,-0.024708531283403556,-0.011686860137445243,0.0,-0.03449449476959976,0.0820934885621778,0.2787501644078303
2024-06-28,0.0,-0.10574177085767733,0.14047132880285562,0.0,-0.033068602005188574,-0.013270011958558925,0.0,-0.03667588781790021,0.06575929690366333,0.25864283391741316
2024-06-29,0.0,-0.10814659951494643,0.14146699216549585,0.0,-0.03583884125310899,-0.012817240765247595,0.0,-0.0334139276133284,0.056651458093067264,0.2578864916589456
2024-06-30,0.0,-0.1073705829328353,0.13834427737132549,0.0,-0.0350699019273405,-0.009196606325896584,0.0,-0.029751574824104732,0.04566845032712141,0.2324723293630353
2024-07-01,0.0,-0.1090357595150514,0.14059113924802946,0.0,-0.034447752409108356,-0.013345059516462365,0.0,-0.0220873702264609,0.0446667257514517,0.22484979962884988
2024-07-02,0.0,-0.11247560763905229,0.1340982520733578,0.0,-0.024542950610386582,-0.006477704879287116,0.0,-0.024562927849406502,0.035739834827338335,0.22966509609723595
2024-07-03,0.0,-0.11048289118621168,0.15677963111690008,0.0,-0.025156181521084453,-0.009862774502371607,0.0,-0.02245905644293711,0.03409107643101872,0.2170506145189297
2024-07-04,0.0,-0.11525410290553761,0.13265435944049542,0.0,-0.02953039913359612,-0.01297763200495261,0.0,-0.030695310236881213,0.02716144964376732,0.21992353238746665
2024-07-05,0.0,-0.11715627401116124,0.13269537184312674,0.0,-0.033996519257390334,-0.015758436346999583,0.0,-0.035705988322241256,0.025936133136761796,0.2273298853465502
2024-07-06,0.0,-0.10658058919109847,0.13243147099688168,0.0,-0.03776901758795492,-0.01230747186264658,0.0,-0.04549394861017564,0.019081880976667742,0.23077314327996423
2024-07-07,0.0,-0.11122537465785098,0.13539969731223755,0.0,-0.042035499998396286,-0.01447168930316789,0.0,-0.05619375440608887,0.013473359613849434,0.22554160666606227
2024-07-08,0.0,-0.11153000141616831,0.12389681552783371,0.0,-0.036271966174614034,-0.02081176241389815,0.0,-0.05856434255938969,0.003828913743132656,0.2210426282048541
2024-07-09,0.0,-0.11285956203298153,0.12174227115206815,0.0,-0.0358355216566425,-0.022362347094119883,0.0,-0.05216390509141977,0.006466426907152822,0.20088058748829707
2024-07-10,0.0,-0.11008202727907568,0.11945107742047179,0.0,-0.03884382635370276,-0.012749313757407399,0.0,-0.059766300420804885,0.0004163900723461733,0.19257215782187487
2024-07-11,0.0,-0.11550436350329563,0.1248338011155552,0.0,-0.045582052570713905,-0.01418360639552807,0.0,-0.05953429516998998,0.0030116862512874487,0.2028643081920658
2024-07-12,0.0,-0.11393238160520858,0.13860108427369888,0.0,-0.05839551269220655,-0.019363829635403396,0.0,-0.05846172183791809,0.0004281058468500465,0.21309066945876376
2024-07-13,0.0,-0.12031007050898368,0.13701902523954979,0.0,-0.061155565600688355,-0.02675524620498304,0.0,-0.058984507020781285,0.003727590165292227,0.2212068055604519
2024-07-14,0.0,-0.1105159062222949,0.1414732467110631,0.0,-0.06707589376625178,-0.02511631285891791,0.0,-0.0670078620735336,0.0027151405147893826,0.21483087463823725
2024-07-15,0.0,-0.10517819617327429,0.1329536209883866,0.0,-0.06761811505969295,-0.03057477688477539,0.0,-0.062143725679365214,0.005382500137631974,0.22024711428681187
2024-07-16,0.0,-0.10306334297821795,0.12758357069205495,0.0,-0.07151724879764831,-0.03199308874504503,0.0,-0.06844535779646299,0.00786032394097913,0.21752947274150447
2024-07-17,0.0,-0.09738879897860564,0.12638928979082364,0.0,-0.07398018879562063,-0.033531340824900946,0.0,-0.0635018922218461,0.006557825546897655,0.22102975773670908
2024-07-18,0.0,-0.09655809764018608,0.12168485988306488,0.0,-0.07940750748172554,-0.025411544197227798,0.0,-0.06230551908187587,0.0115674296733137,0.2165083979673601
2024-07-19,0.0,-0.09939044923485296,0.13783284303116594,0.0,-0.07614934376600624,-0.024715450704861697,0.0,-0.06316432623947765,0.015238878620676966,0.227828572795431
2024-07-20,0.0,-0.09367475387983948,0.12322172939040321,0.0,-0.081209202946809,-0.022198049922235952,0.0,-0.06279500206215483,0.022552409935852946,0.2252525592621626
2024-07-21,0.0,-0.09854846435227127,0.13234092604467107,0.0,-0.0767860279954411,-0.028852727201544304,0.0,-0.06229332164590928,0.02351893446599096,0.2081865690525868
2024-07-22,0.0,-0.09574879199314912,0.13382243333222843,0.0,-0.07249323875247049,-0.027782615057228788,0.0,-0.05702834622420683,0.021225901502419875,0.20430991441741275
2024-07-23,0.0,-0.10691468675278626,0.14483449760857559,0.0,-0.07405875311688537,-0.02591877727455083,0.0,-0.06242986635728254,0.013878945130421316,0.18719094004161563
2024-07-24,0.0,-0.11182687161438087,0.12259288101116161,0.0,-0.07686025627842008,-0.03142258654386765,0.0,-0.06220163260719813,0.01595688248565441,0.18168881235146928
2024-07-25,0.0,-0.10834471703210102,0.1251505406706901,0.0,-0.07418837604500861,-0.026823260546726013,0.0,-0.057331876865532205,0.02428587017288386,0.17373069219683668
2024-07-26,0.0,-0.10956243689841583,0.11932382585005352,0.0,-0.08105650299143508,-0.03265716302349442,0.0,-0.058883161582281573,0.02359383507240631,0.17085307516706205
2024-07-27,0.0,-0.10695328374624191,0.12030066730162137,0.0,-0.07978761880634844,-0.03260585081589462,0.0,-0.061052770922426114,0.03541061655993882,0.18370449076060646
2024-07-28,0.0,-0.11015455656935791,0.11683015603840907,0.0,-0.06916712706453121,-0.03686816331680898,0.0,-0.0662517676049883,0.04104131291482416,0.19733013788405218
2024-07-29,0.0,-0.1090650843429658,0.11744216721573397,0.0,-0.07571752642356744,-0.026345569125935442,0.0,-0.06868412321308903,0.05484760307612979,0.20842808863124973
2024-07-30,0.0,-0.11299660822279933,0.10395147578166619,0.0,-0.07492495503033203,-0.029733945207375045,0.0,-0.07359485754068462,0.05195600055071914,0.24235292593353885
2024-07-31,0.0,-0.11453246743390466,0.1029871754354783,0.0,-0.07494063454351496,-0.02932802866312345,0.0,-0.07607783627735965,0.058150313086859695,0.24587764628604725
2024-08-01,0.0,-0.10997334623854671,0.11585003369003832,0.0,-0.07817241082820792,-0.02708680199221436,0.0,-0.07497027799914302,0.07326389984068071,0.23608932193051224
2024-08-02,0.0,-0.11429412570458164,0.1247762901928775,0.0,-0.0789166674071674,-0.03346478409889253,0.0,-0.07155235023296058,0.057153609576666486,0.251620866719936
2024-08-03,0.0,-0.10276406941507443,0.12092867189235146,0.0,-0.07353419482431656,-0.0473145709587145,0.0,-0.06177456720826524,0.05976047893744574,0.24183935544701685
2024-08-04,0.0,-0.1009537432523947,0.13616840291299592,0.0,-0.07459628211638636,-0.051745482247437136,0.0,-0.0688081471677241,0.056996211375526906,0.23593317069459308
2024-08-05,0.0,-0.09989506955981553,0.1293609949250316,0.0,-0.07662232792518775,-0.05200123415273061,0.0,-0.0727580523295196,0.06343582522142555,0.22577968165994045
2024-08-06,0.0,-0.09781448151123584,0.12503181066453029,0.0,-0.08012012870580687,-0.04810723641744452,0.0,-0.06590724832652417,0.06063382328232625,0.19410400743756417
2024-08-07,0.0,-0.10009753898081519,0.13378830246124673,0.0,-0.07797474201234023,-0.04947518285398267,0.0,-0.07145444107670751,0.05660674096377227,0.19071287583100394
2024-08-08,0.0,-0.10536794330264554,0.1282179700021313,0.0,-0.079984287981815,-0.051749512813575094,0.0,-0.06542751257260648,0.05488079327256323,0.18157088359521145
2024-08-09,0.0,-0.10355454567658484,0.12210945876382873,0.0,-0.07401379862476731,-0.052914764857971086,0.0,-0.06006151374175839,0.0574108873946928,0.1780091900975247
2024-08-10,0.0,-0.11470742675007406,0.10645667090271238,0.0,-0.05971184099928628,-0.05668128232068259,0.0,-0.054266119396408685,0.054559024927569366,0.1810313514490376
2024-08-11,0.0,-0.11075970833458026,0.10557253565296176,0.0,-0.058331205103062445,-0.05364658941766964,0.0,-0.062429155725855834,0.05322290149255049,0.17349918877158044
2024-08-12,0.0,-0.10771477154837028,0.1130753823563877,0.0,-0.05792187117489089,-0.05925906823144256,0.0,-0.053713556902991955,0.06177794376847978,0.1821417285723521
2024-08-13,0.0,-0.10960965718389182,0.12297361622603775,0.0,-0.07763367627102091,-0.05823816517826441,0.0,-0.06001373428532697,0.05316642614458056,0.17528968102232345
2024-08-14,0.0,-0.10821577053764997,0.12578372320841558,0.0,-0.0792304361342302,-0.061788116083160705,0.0,-0.06968896902557886,0.048860418454226284,0.16333466530949448
2024-08-15,0.0,-0.1061698167024201,0.12496945120299485,0.0,-0.07786588472054035,-0.05930319321484989,0.0,-0.06540781529926243,0.05031325250952157,0.1560036938520788
2024-08-16,0.0,-0.10573736046746685,0.11145847668817876,0.0,-0.07798307865476028,-0.05802045836785363,0.0,-0.07158235160231086,0.0515352959928177,0.1515448162163533
2024-08-17,0.0,-0.10788801511630686,0.10807169608147049,0.0,-0.07848828550894271,-0.059801150978269546,0.0,-0.061966429322215744,0.06074731099448316,0.1416772252331706
2024-08-18,0.0,-0.11116763350528869,0.10929463800769668,0.0,-0.08377243423662517,-0.06349151873817804,0.0,-0.06798430882961592,0.06236602853837936,0.14108825982942674
2024-08-19,0.0,-0.12128268010274323,0.11004809332976473,0.0,-0.08621567143043907,-0.05701937500946541,0.0,-0.06353266593080686,0.06811997404458991,0.15336255109211105
2024-08-20,0.0,-0.11383770547711036,0.11986892197655563,0.0,-0.0837709008605031,-0.06665469023170356,0.0,-0.07195465886738639,0.05788488840186412,0.15331723098538763
2024-08-21,0.0,-0.11346045895191403,0.13365033137754545,0.0,-0.0880237788110746,-0.07325479185085881,0.0,-0.07165323612382224,0.0530631429410231,0.15983661249866388
2024-08-22,0.0,-0.10854937197533965,0.12044133356476916,0.0,-0.09297340761287931,-0.07590366906752188,0.0,-0.06537734426713637,0.06140406174113555,0.16722408776991027
2024-08-23,0.0,-0.10846970139249368,0.13470453126321735,0.0,-0.09128805281186614,-0.08368038784232346,0.0,-0.06945728690940223,0.048090449174890804,0.16018760653983444
2024-08-24,0.0,-0.1016962242934456,0.13917069542317684,0.0,-0.0882635241859333,-0.08333964011230655,0.0,-0.05468038404692965,0.04954585625352692,0.16447691743185078
2024-08-25,0.0,-0.09918100734432056,0.1470911753354216,0.0,-0.09189357856897251,-0.0840688944427963,0.0,-0.04915060727057685,0.04170393183517884,0.1646018377767573
2024-08-26,0.0,-0.09974688670437526,0.13563397334174643,0.0,-0.09346603714817814,-0.08664546057930689,0.0,-0.047942067474780914,0.037843313778124665,0.1660700601709313
2024-08-27,0.0,-0.1028210232082285,0.14193282797094575,0.0,-0.08988378525665974,-0.09662379090621354,0.0,-0.05037815662003897,0.03469346957420827,0.1654957651341631
2024-08-28,0.0,-0.09777183087239161,0.13621757073512009,0.0,-0.09225908984311171,-0.09932614022120168,0.0,-0.048016168720764085,0.027892932954314276,0.16866521972447535
2024-08-29,0.0,-0.09881809260041408,0.14765943833989037,0.0,-0.0890002521624994,-0.09616171405648488,0.0,-0.048081020399220464,0.02051377227146678,0.1646193765858941
2024-08-30,0.0,-0.09971466895699432,0.141261466663527,0.0,-0.0923327437161745,-0.10455658425546133,0.0,-0.053646798138218044,0.020862398725651765,0.16668920376484064
2024-08-31,0.0,-0.09606600403887122,0.15026690136520737,0.0,-0.09353171682746131,-0.10836429007261983,0.0,-0.04771820285321293,0.023042228622941918,0.16645211567951512
2024-09-01,-0.0002165508923452908,-0.0996576115223412,0.15210713773056073,0.0,-0.09800901717832344,-0.10801183199276987,0.0,-0.05108314083462939,0.024199689135989688,0.17861455003783022
2024-09-02,-0.0005743823182572383,-0.09517194163595277,0.15688600586925094,0.0,-0.09956710394147028,-0.10949952418964659,0.0,-0.05383710725127999,0.011382703664334581,0.1949732392219552
2024-09-03,0.004205829192847066,-0.09330493779281712,0.14845510045971344,0.0,-0.10149465738831687,-0.11277794239313099,0.0,-0.05547126551081438,0.01764467345234655,0.21307941495545757
2024-09-04,-0.001834699061124323,-0.09659342043984587,0.14549103915050998,0.0,-0.09867796617499847,-0.11115265409536523,0.0,-0.062278362858315894,0.009104851228052047,0.22703544776691587
2024-09-05,-0.013192508302763195,-0.10059864583747113,0.1441202574381375,0.0,-0.09929129001213544,-0.11880177066447284,0.0,-0.05521294907543761,0.012320642830599526,0.2237539455882267
2024-09-06,-0.010600189874064081,-0.10553709832897462,0.14010401620404012,0.0,-0.10218601380111247,-0.1254918760592817,0.0,-0.058783092321249564,0.013099987163265103,0.22481329990865073
2024-09-07,-0.01335445489683218,-0.11021621744545096,0.15743306384051192,0.0,-0.10759094411490411,-0.1287698937826084,0.0,-0.06006910542623267,0.011366114032931307,0.2211253843335932
2024-09-08,-0.018821048631881276,-0.11160959744885679,0.15669358424091495,0.0,-0.11302948556741022,-0.12318643507011506,0.0,-0.05770585374797432,0.012372969494276465,0.21157545773254238
2024-09-09,-0.02960237249537745,-0.11282844259747948,0.15338452641412537,0.0,-0.10715363251828691,-0.12402852919127849,0.0,-0.05849208222591373,0.00869149837496419,0.20885028069005718
2024-09-10,-0.02453411451888987,-0.11884511989300683,0.1405391764140893,0.0,-0.11119268816580608,-0.12144964531729341,0.0,-0.06470772239531086,0.011614760111168687,0.20094490328032566
2024-09-11,-0.028532416987156806,-0.12159597206506023,0.1474135422425662,0.0,-0.11313325101971061,-0.1287955575391947,0.0,-0.06856833800199891,0.01211736403430863,0.19286752470754043
2024-09-12,-0.039482178716744976,-0.11836056259729599,0.1353535014929821,0.0,-0.10880987049804636,-0.12509549857642233,0.0,-0.07375505717400355,0.01312308843368859,0.20515068098161882
2024-09-13,-0.04598896247215967,-0.12292093088341594,0.13053204046840472,0.0,-0.10372350940304753,-0.12307261856422513,0.0,-0.07037091224210157,0.005213517890165775,0.20072032842100018
2024-09-14,-0.041661927518833575,-0.12181500276609392,0.13244128272411282,0.0,-0.10202803923190051,-0.1229951288058907,0.0,-0.07077225275407717,-0.0008362298138239188,0.1965134730842557
2024-09-15,-0.043053853669264064,-0.12177887049059077,0.13280273394610953,0.0,-0.09930497809837491,-0.12564338713095446,0.0,-0.070651058370233,-0.0014014710189469426,0.18999805140808324
2024-09-16,-0.037138585058646645,-0.123582815755793,0.14281241452632298,0.0,-0.10249070825307782,-0.12537840548329027,0.0,-0.08133553920582504,-0.0034229848151473563,0.19911127132539463
2024-09-17,-0.042920078414445784,-0.1343055322056379,0.14493447741845533,0.0,-0.10309539493191111,-0.1227173447615838,0.0,-0.0756269840719086,-0.005879563793698028,0.19169125208464655
2024-09-18,-0.05033543041265298,-0.13383993725081644,0.1395114019515904,0.0,-0.09832324617611343,-0.12301264200667616,0.0,-0.07681905805732137,-0.011847903959854356,0.1928070157534092
2024-09-19,-0.04681859055523985,-0.1312745174052269,0.13785596234042474,0.0,-0.09757445620122607,-0.1232250160231545,0.0,-0.0770356569329107,-0.008433211475170177,0.1725030722066776
2024-09-20,-0.057506388155351695,-0.1342176246600264,0.14754858448739538,0.0,-0.08728374551242157,-0.12710473308011883,0.0,-0.06674777655885022,8.405215965989754e-05,0.17541072024909443
2024-09-21,-0.056160935661232037,-0.13662868040647902,0.14931620639846033,0.0,-0.08770227643180462,-0.12152134243940438,0.0,-0.06183598960573866,0.0015393523011799637,0.17378956857410288
2024-09-22,-0.05659426514749433,-0.14188592026407554,0.16347760663050037,0.0,-0.09067760096287492,-0.12095015387265795,0.0,-0.05626360805178554,0.01060740699316387,0.20332123527838197
2024-09-23,-0.05200328043074787,-0.14977390845528193,0.15700197554175954,0.0,-0.08693187576710149,-0.124735205331024,0.0,-0.053817503349743334,0.005030656247073884,0.21410886908447835
2024-09-24,-0.056226110005905605,-0.14743740543640715,0.15497251274326085,0.0,-0.09414431617107422,-0.13321106615310396,0.0,-0.05623344692881438,0.0041576686450419675,0.20639337189104068
2024-09-25,-0.04948950194751678,-0.14528462151410548,0.16043891777818464,0.0,-0.09134491394132316,-0.13836953203517643,0.0,-0.06034754312056856,-0.003376079914329644,0.22103449237535222
2024-09-26,-0.049083552277520925,-0.14432060213905085,0.1578803324771061,0.0,-0.08562398832144724,-0.13714090476489738,0.0,-0.06008479416556689,-0.002287701174255252,0.21719634906529683
2024-09-27,-0.04353181803544748,-0.140487193739948,0.17572289627214444,0.0,-0.09230702929880785,-0.13215597256795852,0.0,-0.0590031275301337,-0.008534730043399552,0.2117125279074037
2024-09-28,-0.03660463908952316,-0.14218030719508523,0.1677376702617519,0.0,-0.09795511753457464,-0.13466874467247558,0.0,-0.05663312870452952,-0.007141679328347639,0.20636455645340224
2024-09-29,-0.03739396190894739,-0.14067332407356403,0.15434228531662875,0.0,-0.09736182938729532,-0.13190611483708792,0.0,-0.055557407944593074,-0.016503449044739882,0.2193858237242452
2024-09-30,-0.037074755177423646,-0.14750063959470594,0.12777320240678858,0.0,-0.09635066843718942,-0.12889444134554662,0.0,-0.05866632565396224,-0.023972690997056234,0.22566026394584515
2024-10-01,-0.03606204530652246,-0.15227265083263253,0.12426348539357379,0.0,-0.09009469954699045,-0.13223368427492166,0.0,-0.06219609824959593,-0.018879714208330234,0.22394913215602164
2024-10-02,-0.03862846337231718,-0.15214842597543354,0.11833734843444033,0.0,-0.0992165833924844,-0.133182690019651,0.0,-0.063105034741471,-0.01824993720869794,0.23607873726600048
2024-10-03,-0.035308567706270666,-0.15600934019820156,0.10606695350870488,0.0,-0.09847920329497784,-0.12942073159477085,0.0,-0.06213566363243339,-0.015412232446097351,0.26159276282602884
2024-10-04,-0.03517452690710077,-0.16085914348267638,0.09774301638078353,0.0,-0.09815817696083706,-0.1256204056420651,0.0,-0.07467677430856179,-0.0214312287190348,0.26104803621399
2024-10-05,-0.04211588966458335,-0.15689687195436697,0.09168358554955103,0.0,-0.0988261380037847,-0.12139722072490267,0.0,-0.07254539574017682,-0.010958184116154346,0.252782404015639
2024-10-06,-0.039792760178346764,-0.15409042715435928,0.0863165277098017,0.0,-0.098483810441514,-0.12222523433297894,0.0,-0.06789301879466736,-0.012834447768693025,0.26104276928972636
2024-10-07,-0.03714920365977281,-0.1576396551815874,0.095448055209715,0.0,-0.09560205590781912,-0.12201774385325304,0.0,-0.06699763330760078,-0.01741983970665384,0.26482909567018753
2024-10-08,-0.038651240400580766,-0.15926887755901953,0.08842685674178297,0.0,-0.09662446184624562,-0.12396991107958755,0.0,-0.0651679143538646,-0.02034356256333414,0.2807404265118101
2024-10-09,-0.048986445036390824,-0.16036269181410512,0.10231639284443839,0.0,-0.09245632411194604,-0.12453376629164803,0.0,-0.06024018785222507,-0.023362927851052095,0.29792862516951124
2024-10-10,-0.03923557744280182,-0.158346224172646,0.10422522143782031,0.0,-0.09390233026872108,-0.12309986266924411,0.0,-0.0524677658568119,-0.01518295335301234,0.28839825258758633
2024-10-11,-0.034838191323335765,-0.15319972334239074,0.10375837275185895,0.0,-0.09723823967268608,-0.1210402357297361,0.0,-0.04982812984893259,-0.018404579270767663,0.27070650420187836
2024-10-12,-0.0375909616472776,-0.15820411857349037,0.10816877742816677,0.0,-0.09824131287246674,-0.12416331707217976,0.0,-0.0474123122939043,-0.011361072150203766,0.288145646356192
2024-10-13,-0.04000447600523027,-0.15298810717975309,0.10832112989562215,0.0,-0.08986033950703909,-0.12825481417286977,0.0,-0.04569141377333108,-0.007698372136720644,0.27460102376017725
2024-10-14,-0.03376362889244022,-0.15351920481706172,0.100544184314729,0.0,-0.08716445121469452,-0.13376741742898812,0.0,-0.04717035068672859,-0.004947387781924717,0.26801682084750156
2024-10-15,-0.029239799334228822,-0.14577891310513202,0.09812777158476527,0.0,-0.09002352317291451,-0.13939755011166977,0.0,-0.044698259509081795,8.158759382981273e-05,0.2718074494037801
2024-10-16,-0.028859036508741553,-0.13964677805734893,0.0981192717735535,0.0,-0.09027315692209081,-0.13903279214594777,0.0,-0.04314246802285726,-0.004698672457741693,0.27833170666580176
2024-10-17,-0.019170279063656315,-0.13610555652835132,0.09781700761778733,0.0,-0.08873920568291171,-0.14078107660581385,0.0,-0.040583844591019935,0.0010149206807017475,0.26231762842504747
2024-10-18,-0.009538612497870913,-0.13537364828632203,0.10123187776818399,0.0,-0.09568192886151783,-0.1426158687072231,0.0,-0.0414437009298001,-0.009968386312503075,0.2658667272441064
2024-10-19,-0.021043796508581347,-0.14068581545143377,0.09377978431163725,0.0,-0.088070204325853,-0.1488544165707787,0.0,-0.03935943864610525,-0.015239871477958578,0.2540163485215301
2024-10-20,-0.024438680780203392,-0.140765557811519,0.10212471007026647,0.0,-0.09398242319465211,-0.14569552393901075,0.0,-0.04246164752422832,-0.019766060309707845,0.2613202989178629
2024-10-21,-0.026859609991217948,-0.13915607792013185,0.09862761856329283,0.0,-0.09407248256682732,-0.14312738424845217,0.0,-0.04048548282649378,-0.010086194726936948,0.26219178701832524
2024-10-22,-0.010820196863891574,-0.13775624099953998,0.10536549504367398,0.0,-0.09651729083339267,-0.14869710702466143,0.0,-0.03575756895698545,-0.01927416514801772,0.24064689777084847
2024-10-23,-0.02044226017512618,-0.13458821087745754,0.0861912021769653,0.0,-0.0927704704492055,-0.15136504307547627,0.0,-0.037737097424848876,-0.018941001911416455,0.2500839643103214
2024-10-24,-0.013424872814945199,-0.13901928238279038,0.08003096067567705,0.0,-0.08457823753635452,-0.1551055260676829,0.0,-0.044730053625476995,-0.00727264567298358,0.24967924135232034
2024-10-25,-0.00729397606987392,-0.13796198665238069,0.0683870043614263,0.0,-0.08695648132192857,-0.16201207839090004,0.0,-0.031346202353581876,-0.011526079960447522,0.2616559961489995
2024-10-26,-0.006499987735770318,-0.14355667305712783,0.07305662441587701,0.0,-0.08711613672076479,-0.15904801194113727,0.0,-0.028830378679753577,-0.010682431385848457,0.2597287731394764
2024-10-27,0.0008458791736170035,-0.14652082980111458,0.06677605822166166,0.0,-0.08407574960689435,-0.16138244781366917,0.0,-0.02342630606793028,-0.006755230440898541,0.2878399393359019
2024-10-28,-0.0010195644947017524,-0.1539581609587839,0.07874623286138438,0.0,-0.07897142246696409,-0.16067412440321338,0.0,-0.029535180225464086,-0.016691828808388376,0.29635347611296226
2024-10-29,-0.007065398459776162,-0.1557345804827176,0.08208970495595169,0.0,-0.08393623940244599,-0.16213127300403607,0.0,-0.0392955818825107,-0.008849811116098838,0.2988618351074406
2024-10-30,-0.006463396406395261,-0.15861899110419686,0.08651904185558834,0.0,-0.07313790510439555,-0.16315125101428074,0.0,-0.03880370551375345,-0.009536883182813538,0.2987387893225719
2024-10-31,-0.006104020124534815,-0.15899525665323389,0.07630501122225963,0.0,-0.07518544890307577,-0.16607114534966716,0.0,-0.047234546731964366,-0.002152604268879643,0.28871962514442107
2024-11-01,-0.011572314238730397,-0.1621583814009656,0.07624628527789135,0.0,-0.08031603275970012,-0.15743060048567026,0.0,-0.06234842101872784,0.006003594514239152,0.2931852670472659
2024-11-02,-0.010163307276833788,-0.16745123990038713,0.07517238940351167,0.0,-0.07472640053763491,-0.1543977478684465,0.0,-0.06087627146372743,0.01135062777338236,0.28764886653076727
2024-11-03,-0.010886742053635379,-0.17050540309491935,0.0802339597699393,0.0,-0.07275033922909746,-0.15447708073958677,0.0,-0.06406527156442365,0.005951311224171807,0.29174569744322176
2024-11-04,-0.005553285051585366,-0.17225258091570184,0.07849048640387868,0.0,-0.0734981133638073,-0.15324879370465838,0.0,-0.06348637302177984,0.00412936728167046,0.3093614037469117
2024-11-05,-0.0072471861083239775,-0.16865394494520902,0.07058636078920677,0.0,-0.08288113708880795,-0.15427706490711002,0.0,-0.07013123206979399,0.003452796868787855,0.306190369847684
2024-11-06,-0.002570282713469485,-0.1699447354185657,0.07137345987493693,0.0,-0.07497691981233834,-0.15257682062427413,0.0,-0.07388574260826941,0.0036980547240763606,0.30168001848653536
2024-11-07,0.002906985805151585,-0.17053699024886448,0.08155989933745156,0.0,-0.0724250650160092,-0.14650193994739835,0.0,-0.07759809704708887,0.0030016268390220535,0.29720894460947545
2024-11-08,0.00207588753829957,-0.1713397284071102,0.07662453817586856,0.0,-0.0825833270168107,-0.1411359182362908,0.0,-0.0764463435080176,0.0013106623491456748,0.3115587397385897
2024-11-09,0.008328376535650772,-0.17381555334460952,0.08334752962461045,0.0,-0.08712895332437953,-0.13888804315389303,0.0,-0.0831410032321801,-0.0010210595149222623,0.32970324078946645
2024-11-10,0.010696663563767306,-0.17645656311901514,0.08220750502381269,0.0,-0.08494364117146791,-0.14133861437026563,0.0,-0.08140394495066239,-0.009356285862599067,0.338801626613102
2024-11-11,0.009543415633295194,-0.17206173869428176,0.08245781830383558,0.0,-0.0865704235032454,-0.13657146742545467,0.0,-0.08816125601346014,-0.004311164753510344,0.3423023189499945
2024-11-12,0.006201149306988674,-0.17299959651211683,0.08816704364582972,0.0,-0.08654325344492564,-0.13923977704024249,0.0,-0.08856096385341317,-0.008217954220799628,0.3397863702833366
2024-11-13,-0.0010711355689064783,-0.1705835245307865,0.07826624465038967,0.0,-0.09599067442983333,-0.1354776384966353,0.0,-0.0931653172419491,-0.00884033523430805,0.33510641090283544
2024-11-14,-0.0029229538545872957,-0.17881811499233013,0.08896640353170127,0.0,-0.09450989032265988,-0.13603158968664453,0.0,-0.091377831152335,-0.005611559967859114,0.3502604239816165
2024-11-15,0.0014526659455995627,-0.18232174090083086,0.09567745108037862,0.0,-0.0906652665392016,-0.14309183168358264,0.0,-0.09369746797885259,-0.003207717326056958,0.3672861903780653
2024-11-16,-0.0025559237737529106,-0.1836142795950233,0.09810197149416688,0.0,-0.0980213545462506,-0.14814686600155447,0.0,-0.0990986004463047,0.0003440438076205421,0.3716701887886942
2024-11-17,0.005476546084449918,-0.18297362132205397,0.10037786244588198,0.0,-0.10514610005559089,-0.15344933478161726,0.0,-0.09500459011177009,-0.0022678502919921684,0.3680522978093994
2024-11-18,0.005737555253503279,-0.17848993151270443,0.10992908441652127,0.0,-0.10323660448729521,-0.1507268394633956,0.0,-0.10115964368657415,-0.0008852209633760655,0.37728554796005476
2024-11-19,0.004440923200262681,-0.17494078012856096,0.12208545624672729,0.0,-0.10719774875216626,-0.14616764287320927,0.0,-0.0997437781780054,-0.0003291521957853316,0.37324203884777485
2024-11-20,-0.0008970760179112247,-0.17541206897184491,0.12786767544336342,0.0,-0.10203953837666291,-0.1489290647712762,0.0,-0.09809358753425035,-0.0007122346726246009,0.371118218279618
2024-11-21,-0.004834045770469975,-0.17741799601234254,0.13441510955435665,0.0,-0.10968076697115525,-0.15118641002591382,0.0,-0.10016619623371037,-0.0037091689544764828,0.384329472153049
2024-11-22,-0.0065731149148220425,-0.17882374900178866,0.13372448434763884,0.0,-0.11186452881017639,-0.14403187588099664,0.0,-0.0978016353145561,0.0027825064630557783,0.3781297548738014
2024-11-23,-0.01270025392124019,-0.17965897682864984,0.14411789539613018,0.0,-0.11449257984941175,-0.1468314910774685,0.0,-0.10071372455411676,0.008062491968259033,0.40380648691918375
2024-11-24,-0.011258873266282832,-0.1770093813423459,0.13387640612667062,0.0,-0.12471065965397987,-0.14183504378768608,0.0,-0.1003380633726394,0.011679390194641481,0.4062110111341659
2024-11-25,-0.0025868680101243102,-0.17382407047856707,0.1354439416512665,0.0,-0.13259225263107466,-0.13953658223664522,0.0,-0.09856819429381003,0.011352305600616619,0.40869150560625256
2024-11-26,0.0038323164299376433,-0.17326771614145342,0.11703341497183595,0.0,-0.13386466560896215,-0.13975932184094242,0.0,-0.101685574217385,0.002746135993018761,0.42387373633533154
2024-11-27,-0.005237126161725003,-0.17142912885986028,0.12249722195029555,0.0,-0.1318371625823288,-0.1395619441561916,0.0,-0.0960094497998133,-0.003581257827774076,0.4317348521826776
2024-11-28,-0.012238970999351784,-0.1742005405920991,0.1376716101298856,0.0,-0.12610706274124783,-0.14721925900725163,0.0,-0.10096332827440468,-0.006025123166149449,0.47019737141831475
2024-11-29,-0.005673126079245527,-0.1743563865830795,0.12180138400975826,0.0,-0.12890170237885012,-0.1354218915827582,0.0,-0.09644716585470114,-0.002314237066145086,0.471491720738892
2024-11-30,-0.004919519050764376,-0.1701527357582353,0.1230074801071217,0.0,-0.12487109483896186,-0.1322091385844245,0.0,-0.091091302078107,0.0018895646385053144,0.46155940228777737
2024-12-01,-0.004762025735760456,-0.16870012218277297,0.12501726342984276,0.0,-0.1183149519041814,-0.13160504675186036,0.0,-0.09080303829572123,0.009736815993916403,0.4802564721955309
2024-12-02,-0.006147082216107491,-0.1663588220076988,0.12349208900965403,0.0,-0.12235975395985099,-0.1287334870688588,0.0,-0.08447687137296533,0.0011529076940268723,0.4416701021824281
2024-12-03,-0.0034561302261445492,-0.16341710259189468,0.11365020065904208,0.0,-0.12266826686819077,-0.11901254796380323,0.0,-0.0834995699075205,0.008314586354585929,0.4645234241823166
2024-12-04,0.007840662697141232,-0.16522678266964264,0.10713082466890911,0.0,-0.11921319474333913,-0.11883163187186874,0.0,-0.08404431319579131,0.003866646912812355,0.49509609629924833
2024-12-05,0.009158909105536184,-0.16819465510335063,0.0929932091808372,0.0,-0.11136623043495053,-0.11888435848672974,0.0,-0.08046407221947671,-0.0026837061094885373,0.4709700756601032
2024-12-06,0.017830652176807238,-0.17150788223460922,0.09150279652883597,0.0,-0.10949123128971894,-0.11549558208610278,0.0,-0.08100710556764623,-0.005970694603205429,0.46622394293725744
2024-12-07,0.009930524030985044,-0.16690550827509643,0.09738443094883387,0.0,-0.11398444118386641,-0.11066061525162285,0.0,-0.08341782360626548,-0.004553624228544106,0.4694747944320976
2024-12-08,0.010219323192550034,-0.1659671265990278,0.08032180353262608,0.0,-0.11120540253580813,-0.11434101551641485,0.0,-0.08501140630494941,0.00042044488175152495,0.473579985202208
2024-12-09,0.020112070759738643,-0.17118382861209236,0.06050417595606117,0.0,-0.1189369677899339,-0.1169195837598106,0.0,-0.0855437152147629,0.009721406284324274,0.49261272081045426
2024-12-10,0.01221631199052009,-0.1724551612484092,0.0730918477362672,0.0,-0.1116007579876076,-0.11974817142869809,0.0,-0.08683738225243709,0.010311754466026501,0.48805021257402714
2024-12-11,0.0092876035270264,-0.16732925258507358,0.07768404362233094,0.0,-0.10320238650989477,-0.11659667119645012,0.0,-0.08644460314202207,0.01750867530228062,0.4855975820286551
2024-12-12,0.012084775625531563,-0.1628036596654826,0.08706366127364107,0.0,-0.10755299895161663,-0.1086152572680481,0.0,-0.08560507252807936,0.016934211174272518,0.4859767575244971
2024-12-13,0.011882484678238159,-0.16345831809285283,0.08719166974449966,0.0,-0.10981798346435578,-0.11026317168881794,0.0,-0.09020552104047164,0.021919508861808712,0.48570053016032144
2024-12-14,0.008260769947091351,-0.16598925189990565,0.08994162066522615,0.0,-0.1104638620955164,-0.12060370049946412,0.0,-0.09163037493723702,0.04258573489712858,0.47473502320897065
2024-12-15,0.00765187367471265,-0.16211311840117293,0.1016309201123533,0.0,-0.11096215950867216,-0.11649481556899388,0.0,-0.10082446013245683,0.05153892365594803,0.4895247568111838
2024-12-16,-0.0044190554583315445,-0.16481531426643925,0.119406258804853,0.0,-0.11141168214574082,-0.11182335593296588,0.0,-0.10734012672430793,0.05895899622267553,0.4799411410671168
2024-12-17,-0.01704803778789321,-0.1605047285890191,0.1292587017329383,0.0,-0.1161415502004085,-0.11399030234098229,0.0,-0.10469067460604597,0.0600420581683474,0.5114050130367052
2024-12-18,-0.01948750557160417,-0.16129435412665327,0.13566627116200713,0.0,-0.12271278956479081,-0.11383015801977914,0.0,-0.11240943075213128,0.05299967417363427,0.5206577491446072
2024-12-19,-0.015723462666417443,-0.16360841290399009,0.12414201148961368,0.0,-0.12049077458621504,-0.10860872371811559,0.0,-0.10948451150576377,0.06258289668664863,0.5426383187834174
2024-12-20,-0.013909026340313435,-0.16126693073970266,0.12219966567495222,0.0,-0.11731273532650888,-0.110359442283118,0.0,-0.11344574477788438,0.07082180284594397,0.5213728619684346
2024-12-21,-0.008633857813061474,-0.1637900482243695,0.12085654161751624,0.0,-0.11632248800245248,-0.11667725790049899,0.0,-0.11392636817104151,0.08336967465361433,0.5360898027054948
2024-12-22,-0.012935588340532989,-0.16556130148138104,0.1088409746462331,0.0,-0.11536583454155191,-0.1231413763396022,0.0,-0.11696614158967811,0.08120314043715937,0.537850721683792
2024-12-23,-0.0078039025634746295,-0.16607235670266574,0.10343481731255544,0.0,-0.11735851448331369,-0.12560410553776824,0.0,-0.10910097912141126,0.09420671438670203,0.5644172689205431
2024-12-24,-0.001740960313667106,-0.16303156860246482,0.10318036339980807,0.0,-0.11276768813557814,-0.11077970328017928,0.0,-0.10751057558312038,0.06799511194462604,0.5748653087246041
2024-12-25,-0.009720658270487292,-0.16605399226018902,0.11697237962483542,0.0,-0.11675173868064315,-0.11315773634066983,0.0,-0.11384470007278258,0.06872392290010976,0.5595681495835056
2024-12-26,-0.012963918731139001,-0.16484656494733307,0.11928998004983082,0.0,-0.11635511821337441,-0.10975513820043259,0.0,-0.11464583008559359,0.06809088795474216,0.559161788803719
2024-12-27,-0.003269433989005477,-0.17129799007282498,0.12901745231246098,0.0,-0.11117929524546688,-0.12143105983354963,0.0,-0.11394466745654508,0.08314009166156722,0.5495900583320252
2024-12-28,0.0013568540079671454,-0.16714570266239992,0.14453665916781144,0.0,-0.10999842160364037,-0.11783014615680565,0.0,-0.11152825272264821,0.08063133567962,0.5241274896186354
2024-12-29,0.00033874825626800664,-0.1667205189178268,0.1372348715286409,0.0,-0.10806665751713496,-0.12080756392757486,0.0,-0.11287601553442328,0.07894171916530124,0.5171420541109464
2024-12-30,0.003305700400795253,-0.16373344520707034,0.13660379977720338,0.0,-0.10702264318208943,-0.1217821659929883,0.0,-0.11268296992027726,0.0770476338996231,0.5329779263826901
2024-12-31,-0.004861849304805821,-0.16807825217806116,0.13758906952466,0.0,-0.09999375040700931,-0.12167955510139783,0.0,-0.11453611395826979,0.07319583572304134,0.5256082790365402
