date,ticker,signal,rank,score
2024-01-31,005930,1,1,7.861679397463413
2024-01-31,080220,1,2,6.4351415055205266
2024-01-31,036540,1,3,4.129909285607665
2024-01-31,028670,1,4,3.414548640073647
2024-01-31,041190,1,5,3.2888996064320235
2024-01-31,232140,1,6,3.060945370964095
2024-01-31,011200,1,7,1.987203839701867
2024-01-31,010140,1,8,1.6187384926991588
2024-01-31,229640,1,9,1.594177495197132
2024-01-31,064260,1,10,1.575468926572949
2024-01-31,022100,1,11,1.4986765011310772
2024-01-31,323280,1,12,1.3982422055790589
2024-01-31,098460,1,13,1.274486651801897
2024-01-31,000660,1,14,1.1607480802890426
2024-01-31,124500,1,15,1.0237122968135282
2024-01-31,028300,1,16,0.8455723991664571
2024-01-31,065350,1,17,0.7836155490433625
2024-01-31,007660,1,18,0.7658175911500469
2024-01-31,090710,1,19,0.7126092702378215
2024-01-31,034020,1,20,0.6708618220964078
2024-01-31,403870,0,21,0.6412800453187906
2024-01-31,067310,0,22,0.6109583531801484
2024-01-31,060250,0,23,0.47759828217669825
2024-01-31,035720,0,24,0.44549620936161033
2024-01-31,316140,0,25,0.43827289474223224
2024-01-31,319400,0,26,0.4320634323743572
2024-01-31,042670,0,27,0.39648547870511824
2024-01-31,088350,0,28,0.35095131973472193
2024-01-31,034220,0,29,0.3012921916407151
2024-01-31,009520,0,30,0.29236338091120767
2024-01-31,051980,0,31,0.2716427037276323
2024-01-31,323410,0,32,0.22218367110001191
2024-01-31,272210,0,33,0.21287737892623165
2024-01-31,015760,0,34,0.19205895264564019
2024-01-31,336570,0,35,0.18312802727264785
2024-01-31,042660,0,36,0.17782855168006545
2024-01-31,047050,0,37,0.1736819691267969
2024-01-31,257720,0,38,0.17340786635083685
2024-01-31,247540,0,39,0.1606010669429197
2024-01-31,000270,0,40,0.1552895599728629
2024-01-31,042700,0,41,0.14271865311508555
2024-01-31,067630,0,42,0.14224040435689514
2024-01-31,089030,0,43,0.11337575536273403
2024-01-31,196170,0,44,0.10725703283674941
2024-01-31,036930,0,45,0.10204294837971531
2024-01-31,018290,0,46,0.09839105132637291
2024-01-31,009830,0,47,0.09537904998145513
2024-01-31,281740,0,48,0.08504670368399864
2024-01-31,056080,0,49,0.058555935344031716
2024-01-31,005935,0,50,0.0329328723967178
2024-01-31,032820,0,51,0.02308903999740836
2024-01-31,064350,0,52,0.012992782593423536
2024-01-31,087010,0,53,0.0030793909574476645
2024-01-31,047040,0,54,-0.0012102889877179386
2024-01-31,105560,0,55,-0.012533863351092533
2024-01-31,000240,0,56,-0.022452943084455314
2024-01-31,117730,0,57,-0.02811157696222764
2024-01-31,001440,0,58,-0.04976872414618204
2024-01-31,089890,0,59,-0.06301502587312849
2024-01-31,009420,0,60,-0.06323667193429477
2024-01-31,024110,0,61,-0.06441846884266651
2024-01-31,055550,0,62,-0.07391035864468219
2024-01-31,141080,0,63,-0.07901327304660405
2024-01-31,348370,0,64,-0.09677170157473365
2024-01-31,086790,0,65,-0.10179041765628632
2024-01-31,068270,0,66,-0.1341664596267867
2024-01-31,032640,0,67,-0.13729010043277146
2024-01-31,450140,0,68,-0.14325752949304293
2024-01-31,003490,0,69,-0.14809869268279863
2024-01-31,003670,0,70,-0.15653852551637215
2024-01-31,115180,0,71,-0.15971771250933336
2024-01-31,058610,0,72,-0.16213912825936022
2024-01-31,008930,0,73,-0.16436284390040856
2024-01-31,028050,0,74,-0.16995441762551722
2024-01-31,066970,0,75,-0.17020191405967947
2024-01-31,328130,0,76,-0.17724395483100255
2024-01-31,138930,0,77,-0.1932737080589103
2024-01-31,025980,0,78,-0.2122630102454399
2024-01-31,096530,0,79,-0.2134130229409399
2024-01-31,005490,0,80,-0.21521062429174842
2024-01-31,005290,0,81,-0.21615869914789917
2024-01-31,006800,0,82,-0.21668742496783475
2024-01-31,088980,0,83,-0.2213589514198891
2024-01-31,018880,0,84,-0.22201459483600203
2024-01-31,103590,0,85,-0.22642021725061157
2024-01-31,353200,0,86,-0.22892785340722865
2024-01-31,006910,0,87,-0.2304782132804333
2024-01-31,035420,0,88,-0.23868207669088967
2024-01-31,389470,0,89,-0.23904568954525654
2024-01-31,222080,0,90,-0.24029196862580166
2024-01-31,066570,0,91,-0.2501736657992611
2024-01-31,017670,0,92,-0.2517660616921321
2024-01-31,068760,0,93,-0.26305576612223064
2024-01-31,030200,0,94,-0.27190979534977594
2024-01-31,006360,0,95,-0.2725179105104576
2024-01-31,333430,0,96,-0.291793232244097
2024-01-31,277810,0,97,-0.2944642564832639
2024-01-31,082740,0,98,-0.3050438336566352
2024-01-31,222800,0,99,-0.30587145030599605
2024-01-31,122870,0,100,-0.3072260118640421
2024-01-31,032350,0,101,-0.31487100251778444
2024-01-31,012450,0,102,-0.31605938537655814
2024-01-31,035900,0,103,-0.32045290644616353
2024-01-31,047810,0,104,-0.322214253200277
2024-01-31,086520,0,105,-0.3249715756229415
2024-01-31,079550,0,106,-0.33046623916544204
2024-01-31,298380,0,107,-0.3310039809125652
2024-01-31,096770,0,108,-0.3428105386058599
2024-01-31,034230,0,109,-0.3527713904381132
2024-01-31,073240,0,110,-0.3539807763377726
2024-01-31,005380,0,111,-0.35590375282335374
2024-01-31,178320,0,112,-0.3579053915019299
2024-01-31,139130,0,113,-0.3594961279322658
2024-01-31,108490,0,114,-0.3617643948514672
2024-01-31,336260,0,115,-0.3703350218607669
2024-01-31,095500,0,116,-0.3721268893900444
2024-01-31,000720,0,117,-0.37288342039537725
2024-01-31,161580,0,118,-0.37404763948136494
2024-01-31,003570,0,119,-0.3741704423220275
2024-01-31,035250,0,120,-0.37420287156494153
2024-01-31,204270,0,121,-0.3743486270568728
2024-01-31,175330,0,122,-0.3814543872377768
2024-01-31,138040,0,123,-0.3870361989384034
2024-01-31,005940,0,124,-0.3914300158245191
2024-01-31,007390,0,125,-0.4041823936639754
2024-01-31,112610,0,126,-0.4061157953118296
2024-01-31,031980,0,127,-0.40847798296148763
2024-01-31,131970,0,128,-0.409769489380783
2024-01-31,000250,0,129,-0.41317561690014354
2024-01-31,006400,0,130,-0.41382810758232713
2024-01-31,020560,0,131,-0.4165133278844557
2024-01-31,317330,0,132,-0.41747863041099964
2024-01-31,000990,0,133,-0.4178982181214128
2024-01-31,101490,0,134,-0.42022292829863284
2024-01-31,000100,0,135,-0.4223203110978876
2024-01-31,377300,0,136,-0.42535043621033436
2024-01-31,358570,0,137,-0.42623022080837775
2024-01-31,119850,0,138,-0.42630198957298854
2024-01-31,001450,0,139,-0.4303777923983344
2024-01-31,003690,0,140,-0.4316083386637862
2024-01-31,352820,0,141,-0.4327517823506599
2024-01-31,161390,0,142,-0.43288328837646617
2024-01-31,356860,0,143,-0.4343455289357928
2024-01-31,008770,0,144,-0.43496082651271417
2024-01-31,215100,0,145,-0.4353273932564391
2024-01-31,225570,0,146,-0.43680440620573796
2024-01-31,033100,0,147,-0.4378544846808106
2024-01-31,090360,0,148,-0.43855122981802097
2024-01-31,028260,0,149,-0.43888555262993817
2024-01-31,009150,0,150,-0.43942181752527626
2024-01-31,101360,0,151,-0.4397332857320952
2024-01-31,071970,0,152,-0.4408915906227974
2024-01-31,419530,0,153,-0.4456703638367703
2024-01-31,241560,0,154,-0.44875128078827675
2024-01-31,263750,0,155,-0.4496000128799614
2024-01-31,074600,0,156,-0.4500226806247821
2024-01-31,267260,0,157,-0.45321431501241494
2024-01-31,036810,0,158,-0.4546444915026138
2024-01-31,095340,0,159,-0.4567398854158827
2024-01-31,011790,0,160,-0.4583525342432469
2024-01-31,373220,0,161,-0.4612325673660286
2024-01-31,004020,0,162,-0.4635297560713661
2024-01-31,051910,0,163,-0.46405985675702727
2024-01-31,030000,0,164,-0.46561876644953576
2024-01-31,361610,0,165,-0.4661759528635702
2024-01-31,214150,0,166,-0.46633784445859444
2024-01-31,100090,0,167,-0.466426046881476
2024-01-31,402340,0,168,-0.4698587053464206
2024-01-31,033780,0,169,-0.4723614794914137
2024-01-31,383310,0,170,-0.4726072009964162
2024-01-31,084370,0,171,-0.473067417924166
2024-01-31,017960,0,172,-0.48615572178296984
2024-01-31,010950,0,173,-0.48632169297749367
2024-01-31,240810,0,174,-0.4876763340476213
2024-01-31,000880,0,175,-0.48870160654684336
2024-01-31,060370,0,176,-0.489288613631499
2024-01-31,041510,0,177,-0.49182568385118697
2024-01-31,114190,0,178,-0.49237318274186964
2024-01-31,137400,0,179,-0.49744296597319804
2024-01-31,020150,0,180,-0.49764504408510823
2024-01-31,204320,-1,181,-0.4978865497440986
2024-01-31,036460,-1,182,-0.4980938743361723
2024-01-31,083650,-1,183,-0.4986569136887019
2024-01-31,014620,-1,184,-0.4987649325874169
2024-01-31,010120,-1,185,-0.5038681858211992
2024-01-31,319660,-1,186,-0.5052910879399636
2024-01-31,039200,-1,187,-0.5064746174705299
2024-01-31,006260,-1,188,-0.512982173594868
2024-01-31,090430,-1,189,-0.5181728043043407
2024-01-31,059090,-1,190,-0.5207450271739483
2024-01-31,249420,-1,191,-0.5221763557262447
2024-01-31,005070,-1,192,-0.5238667850401508
2024-01-31,002790,-1,193,-0.5243321368565282
2024-01-31,075580,-1,194,-0.5255380900486144
2024-01-31,140410,-1,195,-0.5282833847461869
2024-01-31,376300,-1,196,-0.5531983770756976
2024-01-31,302440,-1,197,-0.557693902441822
2024-01-31,121600,-1,198,-0.5579130422338311
2024-01-31,078600,-1,199,-0.5656456039491653
2024-01-31,388720,-1,200,-0.5761094069402076
2024-02-29,005930,1,1,7.378347630313449
2024-02-29,080220,1,2,5.845398907847497
2024-02-29,028670,1,3,4.5135892354622325
2024-02-29,036540,1,4,3.9195266425443527
2024-02-29,041190,1,5,3.880401967253554
2024-02-29,232140,1,6,3.2817015654975337
2024-02-29,098460,1,7,2.0468377388042684
2024-02-29,011200,1,8,1.9208874479106302
2024-02-29,010140,1,9,1.4075929608890396
2024-02-29,450140,1,10,1.3696800364143318
2024-02-29,323280,1,11,1.3132746348181434
2024-02-29,088350,1,12,1.312201444328766
2024-02-29,064260,1,13,1.2525626879950786
2024-02-29,000660,1,14,1.1843727585690136
2024-02-29,028300,1,15,1.0530546948753257
2024-02-29,124500,1,16,0.9813224497031083
2024-02-29,229640,1,17,0.9293879097267158
2024-02-29,065350,1,18,0.8870674678040547
2024-02-29,022100,1,19,0.8055966613398963
2024-02-29,316140,1,20,0.6957766618252489
2024-02-29,060250,0,21,0.6812950331919614
2024-02-29,403870,0,22,0.6043856669414879
2024-02-29,034020,0,23,0.533019209365605
2024-02-29,051980,0,24,0.487906979186483
2024-02-29,090710,0,25,0.47247139272972494
2024-02-29,067630,0,26,0.46604291783252444
2024-02-29,007660,0,27,0.45243020540394063
2024-02-29,042670,0,28,0.4349442722638014
2024-02-29,000270,0,29,0.4164808239573269
2024-02-29,015760,0,30,0.35266983694589193
2024-02-29,035720,0,31,0.2974895809282628
2024-02-29,064350,0,32,0.24141028738299833
2024-02-29,042700,0,33,0.2367889933802045
2024-02-29,272210,0,34,0.233911374395808
2024-02-29,089030,0,35,0.22951267812936121
2024-02-29,105560,0,36,0.22689688786640558
2024-02-29,034220,0,37,0.22634621893302304
2024-02-29,055550,0,38,0.21308118305015228
2024-02-29,196170,0,39,0.18622415007728
2024-02-29,257720,0,40,0.1706006711733463
2024-02-29,024110,0,41,0.13976218821480407
2024-02-29,089890,0,42,0.12767108480122696
2024-02-29,009520,0,43,0.11260017576317376
2024-02-29,323410,0,44,0.09602432658342748
2024-02-29,009830,0,45,0.0938313129892271
2024-02-29,086790,0,46,0.09256741723539802
2024-02-29,161580,0,47,0.07108404016186834
2024-02-29,281740,0,48,0.04853084382819337
2024-02-29,095500,0,49,0.040543178050161326
2024-02-29,348370,0,50,0.03381468956813206
2024-02-29,067310,0,51,0.025550795441239938
2024-02-29,005935,0,52,0.010711020357629532
2024-02-29,030530,0,53,0.009818470481066464
2024-02-29,036930,0,54,0.002353179472258631
2024-02-29,247540,0,55,-0.0018708311950850207
2024-02-29,138930,0,56,-0.028317007422221978
2024-02-29,005380,0,57,-0.056050207049229035
2024-02-29,141080,0,58,-0.057956800593135384
2024-02-29,018290,0,59,-0.06560472860287457
2024-02-29,047040,0,60,-0.07124003482931006
2024-02-29,000240,0,61,-0.0843609181346746
2024-02-29,032820,0,62,-0.0889838242844484
2024-02-29,047050,0,63,-0.09529720897561786
2024-02-29,336570,0,64,-0.10531631562538912
2024-02-29,001440,0,65,-0.1098876982767755
2024-02-29,042660,0,66,-0.12895880196075812
2024-02-29,117730,0,67,-0.14774885856458578
2024-02-29,087010,0,68,-0.15440446778077396
2024-02-29,032640,0,69,-0.1613892064438938
2024-02-29,008930,0,70,-0.16601605297480473
2024-02-29,009420,0,71,-0.1678422732615551
2024-02-29,068270,0,72,-0.17311745828422925
2024-02-29,028050,0,73,-0.17313802120424499
2024-02-29,006800,0,74,-0.1810694634658774
2024-02-29,003490,0,75,-0.18551318056303737
2024-02-29,319400,0,76,-0.2087272113237895
2024-02-29,030200,0,77,-0.21601496897191844
2024-02-29,328130,0,78,-0.21908453425883062
2024-02-29,096530,0,79,-0.22474954601671918
2024-02-29,035420,0,80,-0.23564226468517338
2024-02-29,317330,0,81,-0.24320050914663802
2024-02-29,088980,0,82,-0.24938231837594524
2024-02-29,025980,0,83,-0.2529312072521068
2024-02-29,115180,0,84,-0.2598600223185246
2024-02-29,066970,0,85,-0.2633980516704935
2024-02-29,005290,0,86,-0.2685033747051852
2024-02-29,012450,0,87,-0.26945340715827004
2024-02-29,018880,0,88,-0.27196504212891465
2024-02-29,068760,0,89,-0.2811144918778529
2024-02-29,139130,0,90,-0.2879869161434522
2024-02-29,101360,0,91,-0.29264541479116735
2024-02-29,006910,0,92,-0.29547291859532737
2024-02-29,035250,0,93,-0.29629916978902504
2024-02-29,066570,0,94,-0.3053876246531688
2024-02-29,079550,0,95,-0.31022062099269127
2024-02-29,005490,0,96,-0.31038650805373413
2024-02-29,056080,0,97,-0.31044424876644805
2024-02-29,353200,0,98,-0.31104133411248086
2024-02-29,222080,0,99,-0.3121971753354427
2024-02-29,003670,0,100,-0.3143629891974267
2024-02-29,298380,0,101,-0.3162147964490043
2024-02-29,103590,0,102,-0.32788680446241647
2024-02-29,005940,0,103,-0.33018302603524236
2024-02-29,333430,0,104,-0.3302092401926359
2024-02-29,047810,0,105,-0.3354544324796949
2024-02-29,028260,0,106,-0.3424091784001505
2024-02-29,003160,0,107,-0.34381855732101946
2024-02-29,035900,0,108,-0.34805696757489485
2024-02-29,175330,0,109,-0.3504502700907217
2024-02-29,017670,0,110,-0.3509041635394415
2024-02-29,032830,0,111,-0.35098891227261764
2024-02-29,012510,0,112,-0.35618541592414615
2024-02-29,006360,0,113,-0.35818921842129714
2024-02-29,058610,0,114,-0.3662054114308441
2024-02-29,358570,0,115,-0.3702633446577802
2024-02-29,000720,0,116,-0.37043037894566766
2024-02-29,082740,0,117,-0.3727488536899729
2024-02-29,086520,0,118,-0.37926667282298665
2024-02-29,090360,0,119,-0.3803631568802994
2024-02-29,138040,0,120,-0.3811727184887648
2024-02-29,222800,0,121,-0.3814869200206084
2024-02-29,178320,0,122,-0.38719560574207346
2024-02-29,073240,0,123,-0.3876034951307534
2024-02-29,036460,0,124,-0.3903131896832457
2024-02-29,108490,0,125,-0.39216924992880753
2024-02-29,020560,0,126,-0.3928221274297373
2024-02-29,402340,0,127,-0.3971855699911872
2024-02-29,122870,0,128,-0.3986477621624138
2024-02-29,225570,0,129,-0.40052601988718795
2024-02-29,031980,0,130,-0.40250399312920865
2024-02-29,000880,0,131,-0.4038697424814408
2024-02-29,032350,0,132,-0.40801261949297135
2024-02-29,096770,0,133,-0.4184571348518749
2024-02-29,389470,0,134,-0.4211786393492868
2024-02-29,277810,0,135,-0.4213088063097392
2024-02-29,034230,0,136,-0.42530862965462746
2024-02-29,204270,0,137,-0.43089424437121293
2024-02-29,003690,0,138,-0.4312672725773311
2024-02-29,000100,0,139,-0.4334241418282585
2024-02-29,001450,0,140,-0.43451695690314673
2024-02-29,101490,0,141,-0.44086014556191694
2024-02-29,119850,0,142,-0.4444784241977169
2024-02-29,112610,0,143,-0.4530791208890822
2024-02-29,006400,0,144,-0.4532284438362604
2024-02-29,377300,0,145,-0.45353108494666244
2024-02-29,161390,0,146,-0.454365512731569
2024-02-29,000990,0,147,-0.4547500672427307
2024-02-29,114190,0,148,-0.4555204879523312
2024-02-29,100090,0,149,-0.45759502687383585
2024-02-29,356860,0,150,-0.4598552007523543
2024-02-29,007390,0,151,-0.4614423276201308
2024-02-29,008770,0,152,-0.46169644253982534
2024-02-29,009150,0,153,-0.463391384477935
2024-02-29,215100,0,154,-0.465390959701538
2024-02-29,051910,0,155,-0.46587861872885594
2024-02-29,084370,0,156,-0.4689962935148086
2024-02-29,074600,0,157,-0.4691049448562852
2024-02-29,004020,0,158,-0.46945987202859796
2024-02-29,033100,0,159,-0.47163160053523157
2024-02-29,036810,0,160,-0.47592990051809997
2024-02-29,131970,0,161,-0.4762318021648294
2024-02-29,204320,0,162,-0.4773516743379846
2024-02-29,267260,0,163,-0.47735808469318924
2024-02-29,336260,0,164,-0.4784365889651542
2024-02-29,000250,0,165,-0.4786496386329834
2024-02-29,241560,0,166,-0.4854706053395175
2024-02-29,361610,0,167,-0.48594514891668256
2024-02-29,039200,0,168,-0.48657689329083426
2024-02-29,030000,0,169,-0.488551797579567
2024-02-29,095340,0,170,-0.48943148264546055
2024-02-29,263750,0,171,-0.49184991229481334
2024-02-29,083650,0,172,-0.4929159445836291
2024-02-29,010950,0,173,-0.49468088896709805
2024-02-29,033780,0,174,-0.4980431454876063
2024-02-29,240810,0,175,-0.4984352356484591
2024-02-29,319660,0,176,-0.5002743752722413
2024-02-29,214150,0,177,-0.5003019782263246
2024-02-29,419530,0,178,-0.502926200801414
2024-02-29,352820,0,179,-0.5065867681026441
2024-02-29,137400,0,180,-0.5073216622416281
2024-02-29,071970,-1,181,-0.508621306169107
2024-02-29,373220,-1,182,-0.5110541677865793
2024-02-29,005070,-1,183,-0.5126191132343597
2024-02-29,003570,-1,184,-0.5145261606933511
2024-02-29,006260,-1,185,-0.5146566878513583
2024-02-29,017960,-1,186,-0.5164983580401399
2024-02-29,060370,-1,187,-0.5174782444050249
2024-02-29,011790,-1,188,-0.5180322723120765
2024-02-29,121600,-1,189,-0.5204496421963737
2024-02-29,075580,-1,190,-0.5209815565805147
2024-02-29,041510,-1,191,-0.5273977398295588
2024-02-29,010120,-1,192,-0.5344045318369994
2024-02-29,059090,-1,193,-0.5385853840754271
2024-02-29,014620,-1,194,-0.5401847207051801
2024-02-29,002790,-1,195,-0.540308489848059
2024-02-29,020150,-1,196,-0.5407309077494675
2024-02-29,140410,-1,197,-0.5415643238825751
2024-02-29,249420,-1,198,-0.5421507704526922
2024-02-29,383310,-1,199,-0.5501746630120881
2024-02-29,388720,-1,200,-0.5847589908289056
2024-03-31,005930,1,1,8.770783725539793
2024-03-31,080220,1,2,4.521553226487024
2024-03-31,041190,1,3,4.37847283670028
2024-03-31,028670,1,4,3.260557819447416
2024-03-31,232140,1,5,3.2267755087183243
2024-03-31,036540,1,6,2.6231091769799395
2024-03-31,010140,1,7,2.496000436157728
2024-03-31,098460,1,8,1.6504214680616445
2024-03-31,088350,1,9,1.439290714700264
2024-03-31,450140,1,10,1.4284005882086124
2024-03-31,007660,1,11,1.3936542599201847
2024-03-31,000660,1,12,1.3243227086355978
2024-03-31,067630,1,13,1.300192399889019
2024-03-31,034020,1,14,1.2061801749873178
2024-03-31,028300,1,15,1.1721564382651315
2024-03-31,316140,1,16,0.9831023040882328
2024-03-31,051980,1,17,0.9007953320975112
2024-03-31,032820,1,18,0.8953488903652739
2024-03-31,065350,1,19,0.850875722121852
2024-03-31,161580,1,20,0.8312055977645906
2024-03-31,055550,0,21,0.7008578529999763
2024-03-31,011200,0,22,0.6891237556026019
2024-03-31,060250,0,23,0.6403088204555821
2024-03-31,090710,0,24,0.6319305568766459
2024-03-31,042700,0,25,0.5864047010372626
2024-03-31,015760,0,26,0.5654642893357275
2024-03-31,042670,0,27,0.5407005494756212
2024-03-31,000270,0,28,0.5120893556521171
2024-03-31,403870,0,29,0.47875684530456447
2024-03-31,281740,0,30,0.47238039289508255
2024-03-31,323280,0,31,0.4084117842033826
2024-03-31,105560,0,32,0.4038480674219125
2024-03-31,064350,0,33,0.3603802481566555
2024-03-31,024110,0,34,0.29708307164864056
2024-03-31,272210,0,35,0.28084595527468015
2024-03-31,067310,0,36,0.2735993710842785
2024-03-31,257720,0,37,0.27255683169410017
2024-03-31,089890,0,38,0.2683365884724672
2024-03-31,103590,0,39,0.24920364135907933
2024-03-31,222080,0,40,0.2360609712573048
2024-03-31,196170,0,41,0.23014490414601013
2024-03-31,035720,0,42,0.21336820888990618
2024-03-31,064260,0,43,0.19047379079245363
2024-03-31,086790,0,44,0.18293960720102437
2024-03-31,089030,0,45,0.17267151875446182
2024-03-31,124500,0,46,0.14478047449534656
2024-03-31,034220,0,47,0.13450900286064438
2024-03-31,001440,0,48,0.13403167165808966
2024-03-31,095500,0,49,0.13123707088941872
2024-03-31,141080,0,50,0.1278099603764806
2024-03-31,022100,0,51,0.1155647327713407
2024-03-31,003160,0,52,0.11164378625174434
2024-03-31,138930,0,53,0.05416883963135733
2024-03-31,348370,0,54,0.043707123392978095
2024-03-31,005935,0,55,0.03397091972093732
2024-03-31,323410,0,56,0.03182479251066616
2024-03-31,005380,0,57,0.011395140683923484
2024-03-31,030530,0,58,-0.007502549720115545
2024-03-31,336570,0,59,-0.012974793848159279
2024-03-31,047040,0,60,-0.023314592311594384
2024-03-31,005290,0,61,-0.02531090272766202
2024-03-31,036930,0,62,-0.026698330941529604
2024-03-31,042660,0,63,-0.08502969119012543
2024-03-31,028050,0,64,-0.0916103687392359
2024-03-31,317330,0,65,-0.09280584785181449
2024-03-31,009830,0,66,-0.10294505481595943
2024-03-31,018290,0,67,-0.10329942046129643
2024-03-31,033100,0,68,-0.13402633687029736
2024-03-31,032640,0,69,-0.13722847162094548
2024-03-31,006800,0,70,-0.13990688617735725
2024-03-31,008930,0,71,-0.14453262748758194
2024-03-31,298380,0,72,-0.1498677019735766
2024-03-31,247540,0,73,-0.15886932898976885
2024-03-31,117730,0,74,-0.17656291467406773
2024-03-31,009520,0,75,-0.18898774710487698
2024-03-31,068270,0,76,-0.22113652981409088
2024-03-31,229640,0,77,-0.22180278055989205
2024-03-31,101360,0,78,-0.22775753321497538
2024-03-31,358570,0,79,-0.24668111201918697
2024-03-31,005940,0,80,-0.24728918152806947
2024-03-31,035420,0,81,-0.24859489490956527
2024-03-31,012450,0,82,-0.2549651832653714
2024-03-31,003490,0,83,-0.2566054166368118
2024-03-31,025980,0,84,-0.2655879949992377
2024-03-31,018880,0,85,-0.267607906843327
2024-03-31,087010,0,86,-0.2722684255479857
2024-03-31,119850,0,87,-0.27413226921357864
2024-03-31,047050,0,88,-0.27481611958018215
2024-03-31,139130,0,89,-0.28093297781592674
2024-03-31,333430,0,90,-0.2819457425601738
2024-03-31,009420,0,91,-0.28685325327427
2024-03-31,068760,0,92,-0.3081236510758279
2024-03-31,030200,0,93,-0.31094887602553783
2024-03-31,000250,0,94,-0.3170691837887186
2024-03-31,319400,0,95,-0.32437564589681445
2024-03-31,397030,0,96,-0.32540131110104686
2024-03-31,088980,0,97,-0.33262456164971976
2024-03-31,035250,0,98,-0.3335971592191376
2024-03-31,032830,0,99,-0.3359834250670595
2024-03-31,096530,0,100,-0.3376931032364366
2024-03-31,328130,0,101,-0.3378525547786008
2024-03-31,028260,0,102,-0.342773185461341
2024-03-31,066970,0,103,-0.34379020453617953
2024-03-31,047810,0,104,-0.34540388480203527
2024-03-31,035900,0,105,-0.3467240100407841
2024-03-31,353200,0,106,-0.3730415778473628
2024-03-31,090360,0,107,-0.3741780915944211
2024-03-31,005490,0,108,-0.37590423833018105
2024-03-31,178320,0,109,-0.3773591222045289
2024-03-31,083650,0,110,-0.37828027131053205
2024-03-31,402340,0,111,-0.38037205363447835
2024-03-31,066570,0,112,-0.3838941102963395
2024-03-31,082740,0,113,-0.38716240755305487
2024-03-31,204270,0,114,-0.3902896581825535
2024-03-31,395400,0,115,-0.390663694319345
2024-03-31,007390,0,116,-0.3991502629188734
2024-03-31,175330,0,117,-0.3996794222218955
2024-03-31,034230,0,118,-0.40189163825470026
2024-03-31,000720,0,119,-0.4027196540713722
2024-03-31,115180,0,120,-0.4036984072113483
2024-03-31,031980,0,121,-0.4065083625883001
2024-03-31,056080,0,122,-0.40790167480906314
2024-03-31,240810,0,123,-0.4083328592927511
2024-03-31,006400,0,124,-0.40935595626490423
2024-03-31,032350,0,125,-0.41129692598970574
2024-03-31,138040,0,126,-0.4116050824430119
2024-03-31,222800,0,127,-0.4155071060609791
2024-03-31,277810,0,128,-0.4171008897323111
2024-03-31,017670,0,129,-0.4188372701901691
2024-03-31,000880,0,130,-0.4241821115008373
2024-03-31,036460,0,131,-0.4267261778312312
2024-03-31,356860,0,132,-0.42791041478296715
2024-03-31,001450,0,133,-0.428068505612684
2024-03-31,006360,0,134,-0.42886560141278185
2024-03-31,000100,0,135,-0.4322864417909239
2024-03-31,003670,0,136,-0.43442346101374807
2024-03-31,079550,0,137,-0.43755299575292317
2024-03-31,073240,0,138,-0.4383831123329684
2024-03-31,096770,0,139,-0.44508696900989203
2024-03-31,020560,0,140,-0.4455452028350751
2024-03-31,003690,0,141,-0.4494332926731095
2024-03-31,039200,0,142,-0.45067757336954173
2024-03-31,006910,0,143,-0.4541643885251612
2024-03-31,059090,0,144,-0.45505793114750026
2024-03-31,377300,0,145,-0.4551643601084881
2024-03-31,095340,0,146,-0.4586674104662041
2024-03-31,074600,0,147,-0.4600761003292636
2024-03-31,225570,0,148,-0.4608743536727055
2024-03-31,108490,0,149,-0.46317109450096505
2024-03-31,086520,0,150,-0.46667044510468303
2024-03-31,058610,0,151,-0.4698962895553917
2024-03-31,319660,0,152,-0.47484916761909335
2024-03-31,008770,0,153,-0.47673544997601197
2024-03-31,009150,0,154,-0.478781966718379
2024-03-31,010120,0,155,-0.4791737646635894
2024-03-31,114190,0,156,-0.4795804147274837
2024-03-31,004020,0,157,-0.48148351522122274
2024-03-31,101490,0,158,-0.48383683199700617
2024-03-31,383310,0,159,-0.48598580216105874
2024-03-31,457190,0,160,-0.4889186443822124
2024-03-31,084370,0,161,-0.4895865548963997
2024-03-31,267260,0,162,-0.4909030734235207
2024-03-31,075580,0,163,-0.4929462472568841
2024-03-31,011790,0,164,-0.4965828802534415
2024-03-31,131970,0,165,-0.4972188300325127
2024-03-31,051910,0,166,-0.49962677028819874
2024-03-31,389470,0,167,-0.5027672985137531
2024-03-31,215100,0,168,-0.5038995917441047
2024-03-31,161390,0,169,-0.5136151262148743
2024-03-31,263750,0,170,-0.5164569928704899
2024-03-31,000990,0,171,-0.5190525747460492
2024-03-31,122870,0,172,-0.5190965221910483
2024-03-31,100090,0,173,-0.5192247681425141
2024-03-31,241560,0,174,-0.5211682151124444
2024-03-31,137400,0,175,-0.5231525113192076
2024-03-31,214150,0,176,-0.5265692713643755
2024-03-31,204320,0,177,-0.5275077248095692
2024-03-31,121600,0,178,-0.5277979133099698
2024-03-31,000240,0,179,-0.5286620404055898
2024-03-31,020150,0,180,-0.5292228534233667
2024-03-31,010950,-1,181,-0.5298688799665175
2024-03-31,112610,-1,182,-0.5317256752598416
2024-03-31,336260,-1,183,-0.5334939294237421
2024-03-31,006260,-1,184,-0.5337463164842169
2024-03-31,352820,-1,185,-0.5342306680593912
2024-03-31,030000,-1,186,-0.5403602103061009
2024-03-31,017960,-1,187,-0.5406489564679106
2024-03-31,014620,-1,188,-0.5445233473110973
2024-03-31,005070,-1,189,-0.5476709261014127
2024-03-31,033780,-1,190,-0.5484042597981124
2024-03-31,036810,-1,191,-0.5520833456690019
2024-03-31,373220,-1,192,-0.5541386351948921
2024-03-31,140410,-1,193,-0.5559689861903448
2024-03-31,361610,-1,194,-0.5595323981174227
2024-03-31,071970,-1,195,-0.5602833126112191
2024-03-31,041510,-1,196,-0.5714709120270831
2024-03-31,002790,-1,197,-0.5799709937459049
2024-03-31,003570,-1,198,-0.5836592095811333
2024-03-31,249420,-1,199,-0.5967101109958232
2024-03-31,060370,-1,200,-0.6024635166555563
2024-04-30,005930,1,1,9.421630185618708
2024-04-30,232140,1,2,3.895468460423226
2024-04-30,010140,1,3,3.803881692792008
2024-04-30,041190,1,4,3.4831267677146664
2024-04-30,028670,1,5,2.537530845013916
2024-04-30,001440,1,6,2.3124372212449193
2024-04-30,161580,1,7,2.150289419393742
2024-04-30,080220,1,8,1.840088647474443
2024-04-30,000660,1,9,1.487948794887036
2024-04-30,034020,1,10,1.4166478754587926
2024-04-30,450140,1,11,1.4058849582137076
2024-04-30,007660,1,12,1.4050822747099492
2024-04-30,032820,1,13,1.3486914951863014
2024-04-30,088350,1,14,1.3379139561557458
2024-04-30,003160,1,15,1.1217155549484525
2024-04-30,067630,1,16,1.076167642842556
2024-04-30,316140,1,17,1.0239734976164372
2024-04-30,098460,1,18,0.9490097874170971
2024-04-30,064350,1,19,0.8760757109646993
2024-04-30,051980,1,20,0.8704593356499519
2024-04-30,042700,0,21,0.8597702305064007
2024-04-30,028300,0,22,0.8376318121235222
2024-04-30,055550,0,23,0.7961525395597916
2024-04-30,067310,0,24,0.7667535065269393
2024-04-30,204270,0,25,0.7568899589592238
2024-04-30,103590,0,26,0.6757562619671016
2024-04-30,015760,0,27,0.623719132260028
2024-04-30,000270,0,28,0.5382839404294343
2024-04-30,042670,0,29,0.5218558797333115
2024-04-30,281740,0,30,0.4811771050999676
2024-04-30,403870,0,31,0.4649514903393442
2024-04-30,105560,0,32,0.39155359365201725
2024-04-30,011200,0,33,0.378871983052769
2024-04-30,036540,0,34,0.3500975911126713
2024-04-30,272210,0,35,0.3445693092010086
2024-04-30,024110,0,36,0.33779710104835065
2024-04-30,257720,0,37,0.3132274051816026
2024-04-30,065350,0,38,0.3098179382963837
2024-04-30,196170,0,39,0.2802356136058027
2024-04-30,336570,0,40,0.2621654048564862
2024-04-30,222080,0,41,0.2532596100386808
2024-04-30,042660,0,42,0.2514714432133589
2024-04-30,033100,0,43,0.21796865013182326
2024-04-30,086790,0,44,0.2068056472456801
2024-04-30,095500,0,45,0.14723285926026697
2024-04-30,060250,0,46,0.14592967736188506
2024-04-30,005380,0,47,0.10898283360422184
2024-04-30,089030,0,48,0.07796020335672543
2024-04-30,138930,0,49,0.06732298305206537
2024-04-30,005935,0,50,0.05683728439021747
2024-04-30,035720,0,51,0.05608808425004312
2024-04-30,119850,0,52,0.038984320735046554
2024-04-30,141080,0,53,0.0378559808827529
2024-04-30,005290,0,54,0.020393191623564778
2024-04-30,034220,0,55,0.005866635634460225
2024-04-30,036930,0,56,0.0007174325577191403
2024-04-30,090710,0,57,0.00033567907396451173
2024-04-30,030530,0,58,-0.008175939746486366
2024-04-30,028050,0,59,-0.022754361466222662
2024-04-30,047040,0,60,-0.050880056712059654
2024-04-30,317330,0,61,-0.07223256311353328
2024-04-30,000250,0,62,-0.07406794069744062
2024-04-30,018290,0,63,-0.0878226492991914
2024-04-30,089890,0,64,-0.08869175932019499
2024-04-30,009830,0,65,-0.10538509338242938
2024-04-30,082740,0,66,-0.13089895549767555
2024-04-30,229640,0,67,-0.13268635538028795
2024-04-30,032640,0,68,-0.13951867056110687
2024-04-30,298380,0,69,-0.14462845517275247
2024-04-30,348370,0,70,-0.1503393299923094
2024-04-30,064260,0,71,-0.15433354334271118
2024-04-30,022100,0,72,-0.15726854593993345
2024-04-30,323280,0,73,-0.18142914894612505
2024-04-30,006800,0,74,-0.189640212301803
2024-04-30,323410,0,75,-0.19360732789241702
2024-04-30,124500,0,76,-0.19579271889344868
2024-04-30,012450,0,77,-0.19719054306890335
2024-04-30,358570,0,78,-0.2025160576954614
2024-04-30,005940,0,79,-0.20563904779178319
2024-04-30,018880,0,80,-0.20771154232291025
2024-04-30,036810,0,81,-0.22772094742844914
2024-04-30,089010,0,82,-0.24300059852935815
2024-04-30,095610,0,83,-0.24371263287929268
2024-04-30,101360,0,84,-0.24520395288456065
2024-04-30,035420,0,85,-0.2547716797832034
2024-04-30,247540,0,86,-0.25990311006508915
2024-04-30,003490,0,87,-0.27849991278372466
2024-04-30,010120,0,88,-0.2815624978997317
2024-04-30,139130,0,89,-0.28356888264020075
2024-04-30,035250,0,90,-0.2876264898075733
2024-04-30,030200,0,91,-0.2944551753020834
2024-04-30,012510,0,92,-0.3042805987058731
2024-04-30,353200,0,93,-0.31266596822528053
2024-04-30,178320,0,94,-0.3189379506488535
2024-04-30,402340,0,95,-0.32793985893125105
2024-04-30,088980,0,96,-0.33028556577518864
2024-04-30,087010,0,97,-0.33166117170353293
2024-04-30,032350,0,98,-0.33357447132789064
2024-04-30,240810,0,99,-0.3368356615642132
2024-04-30,025980,0,100,-0.33937908206768685
2024-04-30,083650,0,101,-0.3411903369808876
2024-04-30,068270,0,102,-0.34518276939294734
2024-04-30,028260,0,103,-0.3462048100818452
2024-04-30,032830,0,104,-0.34900807235811354
2024-04-30,397030,0,105,-0.34913660438722444
2024-04-30,034230,0,106,-0.350322420440608
2024-04-30,009420,0,107,-0.3516742307435739
2024-04-30,047050,0,108,-0.35485842137256224
2024-04-30,000880,0,109,-0.36953038365114244
2024-04-30,047810,0,110,-0.3745758836312735
2024-04-30,356860,0,111,-0.375124952577139
2024-04-30,007390,0,112,-0.37592162667699613
2024-04-30,328130,0,113,-0.38179957834085126
2024-04-30,031980,0,114,-0.3822421931633002
2024-04-30,395400,0,115,-0.3898785390440621
2024-04-30,267260,0,116,-0.3911597410924447
2024-04-30,066570,0,117,-0.39549917962993036
2024-04-30,035900,0,118,-0.3973616610497027
2024-04-30,006360,0,119,-0.404335764532975
2024-04-30,011790,0,120,-0.4085107356131328
2024-04-30,086520,0,121,-0.4105420037876281
2024-04-30,175330,0,122,-0.4113298278762939
2024-04-30,000100,0,123,-0.4124821176835825
2024-04-30,005490,0,124,-0.41276119531906963
2024-04-30,000720,0,125,-0.4127656489089576
2024-04-30,138040,0,126,-0.4137674059790977
2024-04-30,006910,0,127,-0.41566414575710275
2024-04-30,039200,0,128,-0.418592281175731
2024-04-30,017670,0,129,-0.41962130935143505
2024-04-30,059090,0,130,-0.42474119273667127
2024-04-30,073240,0,131,-0.42491120430567325
2024-04-30,001450,0,132,-0.42540848049502217
2024-04-30,006400,0,133,-0.42725520498006303
2024-04-30,003690,0,134,-0.43346978394754465
2024-04-30,036460,0,135,-0.44026307218204264
2024-04-30,319660,0,136,-0.442124770005624
2024-04-30,066970,0,137,-0.4434985001538736
2024-04-30,095340,0,138,-0.449076372623796
2024-04-30,006260,0,139,-0.44983218567646277
2024-04-30,222800,0,140,-0.45108258354724684
2024-04-30,009150,0,141,-0.4518140756890725
2024-04-30,075580,0,142,-0.45223889708509213
2024-04-30,117730,0,143,-0.45313968814558303
2024-04-30,096770,0,144,-0.45438386029281225
2024-04-30,079550,0,145,-0.4545414688301944
2024-04-30,277810,0,146,-0.455819258000457
2024-04-30,319400,0,147,-0.4601371948634607
2024-04-30,003670,0,148,-0.4630258343145525
2024-04-30,008930,0,149,-0.465050377966462
2024-04-30,084370,0,150,-0.46834539551142534
2024-04-30,101490,0,151,-0.46942134919615064
2024-04-30,383310,0,152,-0.47218220342436423
2024-04-30,090360,0,153,-0.47428608002335676
2024-04-30,333430,0,154,-0.47649785940871625
2024-04-30,004020,0,155,-0.4780730724972487
2024-04-30,074600,0,156,-0.4787458111810083
2024-04-30,008770,0,157,-0.47994935316436216
2024-04-30,009520,0,158,-0.48093890465341843
2024-04-30,225570,0,159,-0.48194725243779235
2024-04-30,096530,0,160,-0.4836267302217887
2024-04-30,020560,0,161,-0.4922585978548334
2024-04-30,051910,0,162,-0.4952456782864589
2024-04-30,204320,0,163,-0.4974092198044469
2024-04-30,114190,0,164,-0.5004120773927566
2024-04-30,457190,0,165,-0.5033527691054394
2024-04-30,112610,0,166,-0.506995269517014
2024-04-30,071970,0,167,-0.5071921798680891
2024-04-30,020150,0,168,-0.5105635830851515
2024-04-30,010950,0,169,-0.51275457761488
2024-04-30,352820,0,170,-0.5131223337437939
2024-04-30,056080,0,171,-0.5157474713242036
2024-04-30,214150,0,172,-0.5159411574408693
2024-04-30,161390,0,173,-0.5161042945915716
2024-04-30,131970,0,174,-0.5165478704575095
2024-04-30,000990,0,175,-0.5187788302167472
2024-04-30,100090,0,176,-0.519271743094657
2024-04-30,241560,0,177,-0.5224627544977225
2024-04-30,068760,0,178,-0.5226291238767319
2024-04-30,263750,0,179,-0.5255295080191278
2024-04-30,017960,0,180,-0.5269355600397913
2024-04-30,377300,-1,181,-0.5273944518777529
2024-04-30,014620,-1,182,-0.5362831612802935
2024-04-30,137400,-1,183,-0.5397842885158242
2024-04-30,060370,-1,184,-0.5452017040670651
2024-04-30,058610,-1,185,-0.5464556539355524
2024-04-30,336260,-1,186,-0.5465640624587896
2024-04-30,030000,-1,187,-0.5506858051917689
2024-04-30,108490,-1,188,-0.5507982948829001
2024-04-30,115180,-1,189,-0.5520753638911692
2024-04-30,005070,-1,190,-0.5568704910234231
2024-04-30,122870,-1,191,-0.5588730325685273
2024-04-30,002790,-1,192,-0.5646094940936831
2024-04-30,000240,-1,193,-0.5648939349302913
2024-04-30,373220,-1,194,-0.5655605173212043
2024-04-30,140410,-1,195,-0.5666272908845592
2024-04-30,361610,-1,196,-0.5747778816687571
2024-04-30,003570,-1,197,-0.5907787257116377
2024-04-30,389470,-1,198,-0.5992063316673512
2024-04-30,215100,-1,199,-0.6040646900875123
2024-04-30,249420,-1,200,-0.6128857761099727
2024-05-31,005930,1,1,8.257936891085679
2024-05-31,032820,1,2,6.279228579348076
2024-05-31,232140,1,3,4.614891795638232
2024-05-31,001440,1,4,4.163383934144771
2024-05-31,010140,1,5,3.338386865968803
2024-05-31,034020,1,6,2.308819237085106
2024-05-31,161580,1,7,1.6626984787627963
2024-05-31,041190,1,8,1.4026030619842715
2024-05-31,007660,1,9,1.3466258713486192
2024-05-31,051980,1,10,1.082969729782077
2024-05-31,028300,1,11,1.0705911213101056
2024-05-31,000660,1,12,1.0464273653440865
2024-05-31,003160,1,13,1.0345700073697996
2024-05-31,103590,1,14,0.9507135135614618
2024-05-31,067630,1,15,0.8316514600317619
2024-05-31,204270,1,16,0.7841756168558843
2024-05-31,028670,1,17,0.7031337306857769
2024-05-31,323280,1,18,0.6641132769566424
2024-05-31,067310,1,19,0.6065375070214455
2024-05-31,080220,1,20,0.6000190534981609
2024-05-31,316140,0,21,0.5031532662694701
2024-05-31,042700,0,22,0.4974728493686842
2024-05-31,011200,0,23,0.47341305033467523
2024-05-31,064350,0,24,0.4721317235837642
2024-05-31,336570,0,25,0.41507168270471356
2024-05-31,055550,0,26,0.4022410460698305
2024-05-31,257720,0,27,0.40065704948661107
2024-05-31,015760,0,28,0.34508781594598276
2024-05-31,229640,0,29,0.34275279058163877
2024-05-31,006910,0,30,0.33690743098519144
2024-05-31,033100,0,31,0.3187742179806846
2024-05-31,018880,0,32,0.2982184280902689
2024-05-31,042660,0,33,0.23840770041598616
2024-05-31,119850,0,34,0.23459712441988387
2024-05-31,088350,0,35,0.22460295106838765
2024-05-31,281740,0,36,0.21482654051536507
2024-05-31,403870,0,37,0.20065195505511327
2024-05-31,042670,0,38,0.18962114360814566
2024-05-31,272210,0,39,0.18092726433156875
2024-05-31,000270,0,40,0.13164994575972483
2024-05-31,009830,0,41,0.1307031921767326
2024-05-31,222080,0,42,0.12143525674007312
2024-05-31,018290,0,43,0.11808692053793172
2024-05-31,105560,0,44,0.09583625074455669
2024-05-31,196170,0,45,0.06698239470282635
2024-05-31,024110,0,46,0.05875451105453668
2024-05-31,090710,0,47,0.038301499996676876
2024-05-31,089010,0,48,0.03127307660395549
2024-05-31,098460,0,49,0.016270361243983452
2024-05-31,005290,0,50,0.0062047324494726224
2024-05-31,005935,0,51,-0.0012558060604600178
2024-05-31,000250,0,52,-0.013269603854603518
2024-05-31,036540,0,53,-0.01992708891104925
2024-05-31,089030,0,54,-0.03625212242058348
2024-05-31,141080,0,55,-0.03986056694314376
2024-05-31,034220,0,56,-0.060502752054714636
2024-05-31,082740,0,57,-0.06391917175787486
2024-05-31,086790,0,58,-0.06543345682400065
2024-05-31,083650,0,59,-0.07048942266317988
2024-05-31,035720,0,60,-0.07119052638814505
2024-05-31,059090,0,61,-0.07687866689897621
2024-05-31,028050,0,62,-0.10479931003906984
2024-05-31,047040,0,63,-0.1217811527772449
2024-05-31,060370,0,64,-0.12284537913839243
2024-05-31,138930,0,65,-0.13003527125846787
2024-05-31,036810,0,66,-0.1338311910213165
2024-05-31,005380,0,67,-0.137484347710904
2024-05-31,298380,0,68,-0.15604413869236405
2024-05-31,010120,0,69,-0.16155022943417
2024-05-31,215100,0,70,-0.16254678495518615
2024-05-31,065350,0,71,-0.17982144447577936
2024-05-31,036930,0,72,-0.18140267756905068
2024-05-31,358570,0,73,-0.185836415660683
2024-05-31,007390,0,74,-0.1883215506146107
2024-05-31,095610,0,75,-0.19031340016132683
2024-05-31,336260,0,76,-0.19283459097203978
2024-05-31,317330,0,77,-0.19553170338744005
2024-05-31,032640,0,78,-0.2010252367918158
2024-05-31,178320,0,79,-0.20302846614092387
2024-05-31,005940,0,80,-0.23035331048067664
2024-05-31,022100,0,81,-0.23313893982065634
2024-05-31,323410,0,82,-0.2373182226294156
2024-05-31,032350,0,83,-0.24047272512717183
2024-05-31,450140,0,84,-0.24317362511901736
2024-05-31,035420,0,85,-0.24755689856102642
2024-05-31,086520,0,86,-0.25420833678445
2024-05-31,095500,0,87,-0.2598909032198243
2024-05-31,066570,0,88,-0.26301403874648943
2024-05-31,012450,0,89,-0.2636138603941243
2024-05-31,348370,0,90,-0.2668918052324349
2024-05-31,088980,0,91,-0.27511652956973176
2024-05-31,353200,0,92,-0.27835990523520776
2024-05-31,006800,0,93,-0.28326957454596297
2024-05-31,035250,0,94,-0.2871407942986933
2024-05-31,267260,0,95,-0.287965194666287
2024-05-31,034230,0,96,-0.2895852108505893
2024-05-31,003490,0,97,-0.2913871410642256
2024-05-31,240810,0,98,-0.2988926754498629
2024-05-31,011790,0,99,-0.30070791304153494
2024-05-31,247540,0,100,-0.30254719520738765
2024-05-31,397030,0,101,-0.3060750041609951
2024-05-31,356860,0,102,-0.3071017916907111
2024-05-31,089890,0,103,-0.3089964681863252
2024-05-31,047810,0,104,-0.3093345554383228
2024-05-31,139130,0,105,-0.31493055172832346
2024-05-31,101360,0,106,-0.31666658817788224
2024-05-31,103140,0,107,-0.32168151377457305
2024-05-31,012510,0,108,-0.32223578774490774
2024-05-31,068270,0,109,-0.32236627406779544
2024-05-31,073240,0,110,-0.32410594206012955
2024-05-31,006260,0,111,-0.32423121810178746
2024-05-31,030200,0,112,-0.324540376356263
2024-05-31,060250,0,113,-0.32859549987731257
2024-05-31,333430,0,114,-0.33084325451742924
2024-05-31,035900,0,115,-0.33152584887076264
2024-05-31,009420,0,116,-0.331869267871697
2024-05-31,064260,0,117,-0.3357601044406047
2024-05-31,047050,0,118,-0.3373894627971646
2024-05-31,087010,0,119,-0.34243743817913086
2024-05-31,395400,0,120,-0.3513712447587001
2024-05-31,000100,0,121,-0.3572944783347595
2024-05-31,025980,0,122,-0.36023333023701803
2024-05-31,039200,0,123,-0.3612875412567018
2024-05-31,001450,0,124,-0.36523365394416557
2024-05-31,402340,0,125,-0.367493152732058
2024-05-31,161390,0,126,-0.36775591791354023
2024-05-31,124500,0,127,-0.3704568160284537
2024-05-31,075580,0,128,-0.37283308667173637
2024-05-31,006400,0,129,-0.37566679992116997
2024-05-31,214150,0,130,-0.37660626689124904
2024-05-31,074600,0,131,-0.37697181177297134
2024-05-31,031980,0,132,-0.3814589380523235
2024-05-31,009150,0,133,-0.3820006515063986
2024-05-31,032830,0,134,-0.38441207606379324
2024-05-31,006360,0,135,-0.38580124326646165
2024-05-31,222800,0,136,-0.38955173701171475
2024-05-31,017670,0,137,-0.39059447791708274
2024-05-31,137400,0,138,-0.39070495789651377
2024-05-31,005490,0,139,-0.39116933950854654
2024-05-31,319660,0,140,-0.3918462879537962
2024-05-31,138040,0,141,-0.39689055578097754
2024-05-31,095340,0,142,-0.39745122615479206
2024-05-31,000720,0,143,-0.40014668124324515
2024-05-31,028260,0,144,-0.4027422602112062
2024-05-31,383310,0,145,-0.40414206220821625
2024-05-31,030530,0,146,-0.40487641648073963
2024-05-31,263750,0,147,-0.406812385645127
2024-05-31,096770,0,148,-0.40972848408394325
2024-05-31,000880,0,149,-0.410893984559957
2024-05-31,204320,0,150,-0.41098995328044385
2024-05-31,117730,0,151,-0.4116268920437058
2024-05-31,003690,0,152,-0.41194011591881813
2024-05-31,112610,0,153,-0.41282729639349336
2024-05-31,066970,0,154,-0.4149557030814454
2024-05-31,020150,0,155,-0.41574087368876367
2024-05-31,084370,0,156,-0.4171910229171818
2024-05-31,277810,0,157,-0.4172597768657058
2024-05-31,004020,0,158,-0.41732970015591453
2024-05-31,175330,0,159,-0.418324938085601
2024-05-31,352820,0,160,-0.4192730357760659
2024-05-31,457190,0,161,-0.4202385112165153
2024-05-31,328130,0,162,-0.42080068125760806
2024-05-31,071970,0,163,-0.4210141528955086
2024-05-31,225570,0,164,-0.4248386348475796
2024-05-31,036830,0,165,-0.42559391286655024
2024-05-31,079550,0,166,-0.4293928781862473
2024-05-31,100090,0,167,-0.4299192806159051
2024-05-31,003670,0,168,-0.4301799770563219
2024-05-31,377300,0,169,-0.43145694458041745
2024-05-31,319400,0,170,-0.43950004263464304
2024-05-31,008930,0,171,-0.4404206549665519
2024-05-31,000990,0,172,-0.4404512708281609
2024-05-31,008770,0,173,-0.4409979380447004
2024-05-31,051910,0,174,-0.4411130308132549
2024-05-31,101490,0,175,-0.44322499617824135
2024-05-31,014620,0,176,-0.4435118329769671
2024-05-31,017960,0,177,-0.4457341148085588
2024-05-31,010950,0,178,-0.44746678903934867
2024-05-31,009520,0,179,-0.4529583840301672
2024-05-31,096530,0,180,-0.4576968432301114
2024-05-31,131970,-1,181,-0.4587625610899473
2024-05-31,241560,-1,182,-0.4613057538521911
2024-05-31,056080,-1,183,-0.47241554565447363
2024-05-31,090360,-1,184,-0.47269581447051484
2024-05-31,030000,-1,185,-0.47505413314028433
2024-05-31,114190,-1,186,-0.47847561919602705
2024-05-31,122870,-1,187,-0.4803446211639149
2024-05-31,058610,-1,188,-0.4820994664773712
2024-05-31,361610,-1,189,-0.4831618245576828
2024-05-31,068760,-1,190,-0.48417000162007334
2024-05-31,115180,-1,191,-0.48546263144676516
2024-05-31,373220,-1,192,-0.4869641717776571
2024-05-31,140410,-1,193,-0.4889344943882247
2024-05-31,005070,-1,194,-0.4996714926584843
2024-05-31,020560,-1,195,-0.5011052772376111
2024-05-31,108490,-1,196,-0.5051998392812337
2024-05-31,003570,-1,197,-0.5156320711981881
2024-05-31,249420,-1,198,-0.5183953667209606
2024-05-31,000240,-1,199,-0.5190942355829216
2024-05-31,389470,-1,200,-0.5238440801431973
2024-06-30,005930,1,1,7.463564639915242
2024-06-30,032820,1,2,7.397750953772012
2024-06-30,232140,1,3,4.963886531757847
2024-06-30,001440,1,4,4.579004561526175
2024-06-30,010140,1,5,2.7340355499599185
2024-06-30,034020,1,6,2.511013657577669
2024-06-30,003160,1,7,1.171322760184641
2024-06-30,323280,1,8,1.140886028221481
2024-06-30,161580,1,9,1.0829120412667228
2024-06-30,204270,1,10,1.0696880615082065
2024-06-30,051980,1,11,1.0538522363983924
2024-06-30,028300,1,12,0.9225562669876382
2024-06-30,000660,1,13,0.9055229604595505
2024-06-30,011200,1,14,0.7423538754870556
2024-06-30,007660,1,15,0.7290503536188652
2024-06-30,036460,1,16,0.7275662498123018
2024-06-30,103590,1,17,0.6071993281309059
2024-06-30,006910,1,18,0.5839628233444782
2024-06-30,028670,1,19,0.5751367643976555
2024-06-30,018880,1,20,0.5169111346333696
2024-06-30,257720,0,21,0.4761868847596458
2024-06-30,064350,0,22,0.43502443693591986
2024-06-30,229640,0,23,0.4286948978169367
2024-06-30,272210,0,24,0.4211128964508219
2024-06-30,042700,0,25,0.3556186608948247
2024-06-30,067310,0,26,0.294374409791402
2024-06-30,336570,0,27,0.27476133516364554
2024-06-30,047050,0,28,0.2732153827757877
2024-06-30,009830,0,29,0.24267192281245276
2024-06-30,015760,0,30,0.24080987773626
2024-06-30,042660,0,31,0.22338668927548117
2024-06-30,018290,0,32,0.21057958258790135
2024-06-30,060370,0,33,0.2038817080401133
2024-06-30,041190,0,34,0.19509075636352394
2024-06-30,067630,0,35,0.1640716391860647
2024-06-30,033100,0,36,0.16355658942909543
2024-06-30,316140,0,37,0.14720598712303368
2024-06-30,080220,0,38,0.14209681514128075
2024-06-30,403870,0,39,0.1347562539454982
2024-06-30,088350,0,40,0.12664576045155262
2024-06-30,034220,0,41,0.12360287922439199
2024-06-30,119850,0,42,0.11976668942972542
2024-06-30,082740,0,43,0.11367205438753335
2024-06-30,089010,0,44,0.06552708140038757
2024-06-30,059090,0,45,0.05619076151360701
2024-06-30,042670,0,46,0.049694993761185614
2024-06-30,000270,0,47,0.04138908831878227
2024-06-30,196170,0,48,0.04037540999189827
2024-06-30,055550,0,49,0.0348662845483564
2024-06-30,005935,0,50,-0.015237030160183608
2024-06-30,000250,0,51,-0.019861855274961267
2024-06-30,036810,0,52,-0.03477517540289203
2024-06-30,105560,0,53,-0.03705880056937325
2024-06-30,083650,0,54,-0.05762888135391101
2024-06-30,035720,0,55,-0.06054851463513515
2024-06-30,089030,0,56,-0.06619789488962553
2024-06-30,064260,0,57,-0.07244861247023626
2024-06-30,086520,0,58,-0.09128246101339092
2024-06-30,036540,0,59,-0.10587206633979651
2024-06-30,215100,0,60,-0.10691404248622961
2024-06-30,036930,0,61,-0.1203175375215039
2024-06-30,024110,0,62,-0.1264726507962049
2024-06-30,336260,0,63,-0.12826111195468082
2024-06-30,095610,0,64,-0.12928984213092698
2024-06-30,028050,0,65,-0.13929455429161053
2024-06-30,005380,0,66,-0.1401873333947575
2024-06-30,010120,0,67,-0.1476725877271376
2024-06-30,066570,0,68,-0.158970822559862
2024-06-30,178320,0,69,-0.16109743333413531
2024-06-30,086790,0,70,-0.16917592734399017
2024-06-30,047040,0,71,-0.17444506475076157
2024-06-30,088980,0,72,-0.17972343865511248
2024-06-30,022100,0,73,-0.18989213268995336
2024-06-30,023160,0,74,-0.19494772796406282
2024-06-30,281740,0,75,-0.19643427117135404
2024-06-30,440110,0,76,-0.20489465292051615
2024-06-30,098460,0,77,-0.20756506434676056
2024-06-30,003490,0,78,-0.2095949150837823
2024-06-30,005290,0,79,-0.2134435101677062
2024-06-30,090710,0,80,-0.21433130093159453
2024-06-30,323410,0,81,-0.225744885904725
2024-06-30,032350,0,82,-0.2257470821259753
2024-06-30,011790,0,83,-0.2287442872294185
2024-06-30,032640,0,84,-0.23000120023557688
2024-06-30,000990,0,85,-0.23423850818065864
2024-06-30,138930,0,86,-0.23549669708134208
2024-06-30,035420,0,87,-0.24476090946460927
2024-06-30,035250,0,88,-0.24582835582493917
2024-06-30,317330,0,89,-0.24650840872413093
2024-06-30,007390,0,90,-0.24699161925491578
2024-06-30,075580,0,91,-0.247328342527254
2024-06-30,267260,0,92,-0.25090939860093153
2024-06-30,397030,0,93,-0.25353395564657094
2024-06-30,333430,0,94,-0.26150172989190557
2024-06-30,101360,0,95,-0.2623817637981421
2024-06-30,012510,0,96,-0.26245860283244116
2024-06-30,100090,0,97,-0.2637198896954961
2024-06-30,012450,0,98,-0.26415493002741625
2024-06-30,358570,0,99,-0.26596566947909
2024-06-30,222080,0,100,-0.27085035553557396
2024-06-30,006260,0,101,-0.2742035276740598
2024-06-30,087010,0,102,-0.27494384378551634
2024-06-30,141080,0,103,-0.2759700983598022
2024-06-30,137400,0,104,-0.2826446772873403
2024-06-30,353200,0,105,-0.2848509133548841
2024-06-30,096770,0,106,-0.2856419080579927
2024-06-30,073240,0,107,-0.2858245129002786
2024-06-30,247540,0,108,-0.2916196282984534
2024-06-30,103140,0,109,-0.29312557124622174
2024-06-30,348370,0,110,-0.29354675027622995
2024-06-30,074600,0,111,-0.29411307356883387
2024-06-30,000100,0,112,-0.2974630751345647
2024-06-30,030200,0,113,-0.29992300470308964
2024-06-30,047810,0,114,-0.3003218398300688
2024-06-30,298380,0,115,-0.3031162652434861
2024-06-30,034230,0,116,-0.3055650238180585
2024-06-30,068270,0,117,-0.306020151327384
2024-06-30,005940,0,118,-0.3069287037473636
2024-06-30,065350,0,119,-0.3149037359738486
2024-06-30,139130,0,120,-0.31897460590410026
2024-06-30,161390,0,121,-0.3229651446273842
2024-06-30,204320,0,122,-0.32506177559100596
2024-06-30,006800,0,123,-0.326785715944495
2024-06-30,009520,0,124,-0.33427119135280176
2024-06-30,016360,0,125,-0.3347124955628206
2024-06-30,402340,0,126,-0.33491750399264847
2024-06-30,395400,0,127,-0.33592312202721764
2024-06-30,214150,0,128,-0.34338061256223573
2024-06-30,039200,0,129,-0.34678912936527884
2024-06-30,035900,0,130,-0.34789408717433173
2024-06-30,031980,0,131,-0.3516216707985835
2024-06-30,263750,0,132,-0.3545689777099196
2024-06-30,095500,0,133,-0.35817054443877194
2024-06-30,225570,0,134,-0.3596550502924586
2024-06-30,222800,0,135,-0.36000238389856004
2024-06-30,071970,0,136,-0.3602500092297327
2024-06-30,017670,0,137,-0.3604163269058405
2024-06-30,240810,0,138,-0.3604545207686862
2024-06-30,001450,0,139,-0.36139672665446976
2024-06-30,006360,0,140,-0.3659669390688024
2024-06-30,009150,0,141,-0.3661115865183878
2024-06-30,356860,0,142,-0.3691126514285866
2024-06-30,020150,0,143,-0.3720751378235091
2024-06-30,014620,0,144,-0.37450504451171485
2024-06-30,036830,0,145,-0.3768336602498898
2024-06-30,112610,0,146,-0.3792239854527315
2024-06-30,000880,0,147,-0.38527726033061066
2024-06-30,005490,0,148,-0.385391269628628
2024-06-30,004020,0,149,-0.38648808390455786
2024-06-30,445680,0,150,-0.3875908680928789
2024-06-30,000720,0,151,-0.38897299774369054
2024-06-30,025980,0,152,-0.3904019482578143
2024-06-30,009420,0,153,-0.3912938827890564
2024-06-30,089890,0,154,-0.3923511387591992
2024-06-30,319660,0,155,-0.39243443746070095
2024-06-30,138040,0,156,-0.3935318079035281
2024-06-30,032830,0,157,-0.3954386497871584
2024-06-30,450140,0,158,-0.39813878116183954
2024-06-30,352820,0,159,-0.39987459645255835
2024-06-30,175330,0,160,-0.40034271800428106
2024-06-30,030530,0,161,-0.40344527294687293
2024-06-30,003670,0,162,-0.40367025043397564
2024-06-30,377300,0,163,-0.40609598391342366
2024-06-30,117730,0,164,-0.40659614710847536
2024-06-30,006400,0,165,-0.4086477020893565
2024-06-30,003690,0,166,-0.4090658110335555
2024-06-30,028260,0,167,-0.4097936297055036
2024-06-30,084370,0,168,-0.4128732153098745
2024-06-30,051910,0,169,-0.41289855135486914
2024-06-30,114190,0,170,-0.41506675148501626
2024-06-30,066970,0,171,-0.41603259530370224
2024-06-30,124500,0,172,-0.41947629204475545
2024-06-30,328130,0,173,-0.4207008826731988
2024-06-30,010950,0,174,-0.42103220606071656
2024-06-30,060250,0,175,-0.42330134306436673
2024-06-30,095340,0,176,-0.4248835392401246
2024-06-30,079550,0,177,-0.42567961334830207
2024-06-30,319400,0,178,-0.43030541078919254
2024-06-30,101490,0,179,-0.4307817126013656
2024-06-30,361610,0,180,-0.43139811497111286
2024-06-30,017960,-1,181,-0.4321920993983837
2024-06-30,008770,-1,182,-0.4373583080509941
2024-06-30,241560,-1,183,-0.4446478840732951
2024-06-30,131970,-1,184,-0.4549379556699024
2024-06-30,373220,-1,185,-0.45520709292307043
2024-06-30,389470,-1,186,-0.46198243827147245
2024-06-30,383310,-1,187,-0.4638403609179691
2024-06-30,096530,-1,188,-0.466076620417221
2024-06-30,277810,-1,189,-0.4671425041007227
2024-06-30,020560,-1,190,-0.4671569598609885
2024-06-30,008930,-1,191,-0.467523922917342
2024-06-30,122870,-1,192,-0.46936911198162706
2024-06-30,056080,-1,193,-0.4700862995679271
2024-06-30,058610,-1,194,-0.4745231026872506
2024-06-30,090360,-1,195,-0.4794012454659806
2024-06-30,108490,-1,196,-0.4811278572528587
2024-06-30,068760,-1,197,-0.48122426433596166
2024-06-30,115180,-1,198,-0.48212441927536265
2024-06-30,000240,-1,199,-0.491426361332999
2024-06-30,003570,-1,200,-0.4969115231259461
2024-07-31,032820,1,1,10.437887038814045
2024-07-31,005930,1,2,6.07321911284901
2024-07-31,034020,1,3,3.286266970733954
2024-07-31,232140,1,4,3.0576623212304264
2024-07-31,001440,1,5,2.6800341031434964
2024-07-31,010140,1,6,2.2259184097949447
2024-07-31,323280,1,7,1.084223279500209
2024-07-31,051980,1,8,1.0243174050106658
2024-07-31,036460,1,9,0.9855516679321951
2024-07-31,000660,1,10,0.8784985946333186
2024-07-31,028300,1,11,0.8659311381052383
2024-07-31,011200,1,12,0.6501097698497613
2024-07-31,006910,1,13,0.6052954844972797
2024-07-31,272210,1,14,0.5266545816070558
2024-07-31,018880,1,15,0.5125543714552104
2024-07-31,028670,1,16,0.5003471348681152
2024-07-31,003160,1,17,0.48244587086336566
2024-07-31,257720,1,18,0.46298640583226186
2024-07-31,007660,1,19,0.4539793999088434
2024-07-31,067630,1,20,0.38216325965558096
2024-07-31,047050,0,21,0.3069447843479154
2024-07-31,042670,0,22,0.2971963848206603
2024-07-31,064350,0,23,0.29494134989753473
2024-07-31,316140,0,24,0.2779290548139952
2024-07-31,103590,0,25,0.2668140879198755
2024-07-31,060370,0,26,0.25393957708858883
2024-07-31,041190,0,27,0.2484260748071838
2024-07-31,034220,0,28,0.22715883640384452
2024-07-31,047040,0,29,0.2155620703518183
2024-07-31,204270,0,30,0.2096638586929239
2024-07-31,229640,0,31,0.20127042171829265
2024-07-31,225570,0,32,0.18520050755902198
2024-07-31,009830,0,33,0.1842101837235956
2024-07-31,018290,0,34,0.15386281269551186
2024-07-31,015760,0,35,0.12008446195667732
2024-07-31,042700,0,36,0.11707801462302146
2024-07-31,088350,0,37,0.11107923579661584
2024-07-31,336570,0,38,0.08955819950653073
2024-07-31,064260,0,39,0.07213802736174181
2024-07-31,090710,0,40,0.07141007135191431
2024-07-31,161580,0,41,0.058974666253755345
2024-07-31,042660,0,42,0.05757943629894795
2024-07-31,059090,0,43,0.05324428293929811
2024-07-31,005935,0,44,0.022593026824160818
2024-07-31,055550,0,45,0.008363802650562059
2024-07-31,403870,0,46,0.0038169782457700852
2024-07-31,082740,0,47,0.0017081563511962162
2024-07-31,086520,0,48,0.0013285518957585165
2024-07-31,083650,0,49,-0.025087652258955113
2024-07-31,105560,0,50,-0.029511151864817148
2024-07-31,023160,0,51,-0.035049289768043834
2024-07-31,196170,0,52,-0.03994476979118168
2024-07-31,178320,0,53,-0.04276187476885821
2024-07-31,000250,0,54,-0.04405235928536349
2024-07-31,089030,0,55,-0.04716036603564396
2024-07-31,033100,0,56,-0.04859623872732582
2024-07-31,035720,0,57,-0.05052501173900984
2024-07-31,087010,0,58,-0.05510364173899045
2024-07-31,000270,0,59,-0.0676170134533059
2024-07-31,454910,0,60,-0.0977913639684794
2024-07-31,215100,0,61,-0.10245991777652032
2024-07-31,397030,0,62,-0.10292936070900757
2024-07-31,298380,0,63,-0.1069457731531658
2024-07-31,080220,0,64,-0.10747575092889838
2024-07-31,066570,0,65,-0.11316187667601726
2024-07-31,024110,0,66,-0.12627362952062038
2024-07-31,336260,0,67,-0.12981170696215735
2024-07-31,088980,0,68,-0.14067948427087465
2024-07-31,028050,0,69,-0.1416859106844842
2024-07-31,075580,0,70,-0.14582950344507337
2024-07-31,000100,0,71,-0.15217282983620217
2024-07-31,036930,0,72,-0.16095155197607355
2024-07-31,005380,0,73,-0.16155129850775893
2024-07-31,073240,0,74,-0.16915772817791022
2024-07-31,323410,0,75,-0.17400304011220435
2024-07-31,000990,0,76,-0.17580500785951422
2024-07-31,003490,0,77,-0.1760692193986357
2024-07-31,086790,0,78,-0.17616782715760065
2024-07-31,119850,0,79,-0.17836041432018876
2024-07-31,014620,0,80,-0.18015520186529488
2024-07-31,089010,0,81,-0.18729821975385452
2024-07-31,098460,0,82,-0.190224505389724
2024-07-31,010120,0,83,-0.1918639002053659
2024-07-31,067310,0,84,-0.19330450158288112
2024-07-31,007390,0,85,-0.19335776680476277
2024-07-31,071970,0,86,-0.2016770880232548
2024-07-31,035420,0,87,-0.2042021674575809
2024-07-31,138930,0,88,-0.20768687852699852
2024-07-31,389470,0,89,-0.20807608077926965
2024-07-31,036540,0,90,-0.2089369309312207
2024-07-31,096770,0,91,-0.21240211527730832
2024-07-31,141080,0,92,-0.21290210276091048
2024-07-31,137400,0,93,-0.21362880696217004
2024-07-31,047810,0,94,-0.21714008451155414
2024-07-31,022100,0,95,-0.2258480893540779
2024-07-31,317330,0,96,-0.22931634199464618
2024-07-31,032640,0,97,-0.23075397823708624
2024-07-31,068270,0,98,-0.2360747270868961
2024-07-31,333430,0,99,-0.23681439989782968
2024-07-31,011790,0,100,-0.24402161365431974
2024-07-31,100090,0,101,-0.24801506218855918
2024-07-31,036810,0,102,-0.24948944371363282
2024-07-31,035250,0,103,-0.24983157687964833
2024-07-31,358570,0,104,-0.2547337124609223
2024-07-31,032350,0,105,-0.2600808799162224
2024-07-31,012450,0,106,-0.26105003727143866
2024-07-31,247540,0,107,-0.26267439670559006
2024-07-31,006260,0,108,-0.26277524686676174
2024-07-31,074600,0,109,-0.2629559643892018
2024-07-31,267260,0,110,-0.26570397754728736
2024-07-31,016360,0,111,-0.26584486450143185
2024-07-31,101360,0,112,-0.2673421705913567
2024-07-31,281740,0,113,-0.2684190167039064
2024-07-31,222080,0,114,-0.2703746617501379
2024-07-31,139130,0,115,-0.27094825810311257
2024-07-31,006800,0,116,-0.2726759565101484
2024-07-31,103140,0,117,-0.27290515980332913
2024-07-31,006360,0,118,-0.27481507995449767
2024-07-31,039200,0,119,-0.2765682154019613
2024-07-31,161390,0,120,-0.2778699688559249
2024-07-31,005290,0,121,-0.2785751570271218
2024-07-31,005940,0,122,-0.2792785774321807
2024-07-31,030200,0,123,-0.2834721149451429
2024-07-31,025980,0,124,-0.29141234228528584
2024-07-31,009420,0,125,-0.2921978885886566
2024-07-31,014940,0,126,-0.29377383383634775
2024-07-31,009520,0,127,-0.2974575775206185
2024-07-31,065350,0,128,-0.2982525872985527
2024-07-31,395400,0,129,-0.2996664697424231
2024-07-31,204320,0,130,-0.2996741159832387
2024-07-31,241560,0,131,-0.30004009568456136
2024-07-31,034230,0,132,-0.30050173808993863
2024-07-31,353200,0,133,-0.3047938923587047
2024-07-31,017670,0,134,-0.3074961134603794
2024-07-31,348370,0,135,-0.3083769014353778
2024-07-31,035900,0,136,-0.3087109108900368
2024-07-31,009150,0,137,-0.30886963260802675
2024-07-31,402340,0,138,-0.31080527071558844
2024-07-31,031980,0,139,-0.3124980035670426
2024-07-31,263750,0,140,-0.31255545865086015
2024-07-31,000720,0,141,-0.31495168600075624
2024-07-31,012510,0,142,-0.31923956571215295
2024-07-31,214150,0,143,-0.32013531020920594
2024-07-31,001450,0,144,-0.3234044139438987
2024-07-31,095610,0,145,-0.32422389163486437
2024-07-31,440110,0,146,-0.3289840756963677
2024-07-31,020150,0,147,-0.331450761931524
2024-07-31,036830,0,148,-0.3334712705528916
2024-07-31,222800,0,149,-0.33635883086572965
2024-07-31,175330,0,150,-0.33657255952138354
2024-07-31,240810,0,151,-0.3380316553382794
2024-07-31,095500,0,152,-0.34089180271799135
2024-07-31,004020,0,153,-0.34217435831362886
2024-07-31,377300,0,154,-0.34354504233608607
2024-07-31,017960,0,155,-0.3436752279436813
2024-07-31,005490,0,156,-0.34499061308734535
2024-07-31,089890,0,157,-0.3486888585392758
2024-07-31,079550,0,158,-0.3488121541777461
2024-07-31,006400,0,159,-0.34965533084064393
2024-07-31,032830,0,160,-0.34992785938547777
2024-07-31,138040,0,161,-0.3500853399392425
2024-07-31,112610,0,162,-0.3507227381175437
2024-07-31,319660,0,163,-0.35401046014171494
2024-07-31,000880,0,164,-0.35660206198298594
2024-07-31,450140,0,165,-0.35755043726976027
2024-07-31,003670,0,166,-0.35779323526450163
2024-07-31,114190,0,167,-0.36212009901430675
2024-07-31,028260,0,168,-0.36430076053847515
2024-07-31,319400,0,169,-0.3679012606865412
2024-07-31,051910,0,170,-0.36847781753087777
2024-07-31,066970,0,171,-0.3715618636290059
2024-07-31,124500,0,172,-0.3715783680544248
2024-07-31,117730,0,173,-0.3726398533587253
2024-07-31,030530,0,174,-0.37402138044712674
2024-07-31,328130,0,175,-0.3744145820566437
2024-07-31,352820,0,176,-0.3749472007531066
2024-07-31,003690,0,177,-0.3766039398412097
2024-07-31,010950,0,178,-0.3823476106648703
2024-07-31,445680,0,179,-0.3845588233602557
2024-07-31,356860,0,180,-0.38620894048786214
2024-07-31,060250,-1,181,-0.3875083667386109
2024-07-31,084370,-1,182,-0.388023236739408
2024-07-31,095340,-1,183,-0.38809639651034195
2024-07-31,056080,-1,184,-0.39024682506583064
2024-07-31,101490,-1,185,-0.3947702858280594
2024-07-31,131970,-1,186,-0.3983974220189425
2024-07-31,008770,-1,187,-0.39965284879475815
2024-07-31,058610,-1,188,-0.3999643234430938
2024-07-31,096530,-1,189,-0.40120084392702576
2024-07-31,020560,-1,190,-0.4130481555160794
2024-07-31,068760,-1,191,-0.41310453453670565
2024-07-31,008930,-1,192,-0.4131649871602292
2024-07-31,277810,-1,193,-0.4139782096414655
2024-07-31,115180,-1,194,-0.41598454806288643
2024-07-31,122870,-1,195,-0.4168339516692325
2024-07-31,383310,-1,196,-0.4216638784596396
2024-07-31,003570,-1,197,-0.42268080917466344
2024-07-31,090360,-1,198,-0.42917898339132204
2024-07-31,000240,-1,199,-0.43455177399815964
2024-07-31,108490,-1,200,-0.43458041645208206
2024-08-31,032820,1,1,9.223069013275062
2024-08-31,005930,1,2,7.730429736443244
2024-08-31,034020,1,3,3.286701326106149
2024-08-31,010140,1,4,3.015235751832419
2024-08-31,232140,1,5,2.269917446756159
2024-08-31,036460,1,6,1.7606119432559182
2024-08-31,000660,1,7,1.6216567787648457
2024-08-31,001440,1,8,1.2758666988781797
2024-08-31,051980,1,9,0.8348656025994411
2024-08-31,272210,1,10,0.8302433654886584
2024-08-31,323280,1,11,0.7185740027260036
2024-08-31,225570,1,12,0.6838351958453327
2024-08-31,064350,1,13,0.644817852782649
2024-08-31,316140,1,14,0.62003873093273
2024-08-31,011200,1,15,0.5967015881986715
2024-08-31,047050,1,16,0.5425022789009855
2024-08-31,257720,1,17,0.5355147846933712
2024-08-31,047040,1,18,0.5347341055096051
2024-08-31,028300,1,19,0.533637399573711
2024-08-31,003160,1,20,0.5193748733454138
2024-08-31,028670,0,21,0.4828767800756842
2024-08-31,000100,0,22,0.4673581962994494
2024-08-31,007660,0,23,0.4488716547085237
2024-08-31,042670,0,24,0.4246759338482686
2024-08-31,034220,0,25,0.38439337623837727
2024-08-31,090710,0,26,0.37839026980880475
2024-08-31,018880,0,27,0.3475012599346962
2024-08-31,067630,0,28,0.27641204424263244
2024-08-31,015760,0,29,0.24608608036290386
2024-08-31,042660,0,30,0.2338144906939133
2024-08-31,088350,0,31,0.20190451540706458
2024-08-31,064260,0,32,0.19335817220241733
2024-08-31,041190,0,33,0.1854450765295772
2024-08-31,204270,0,34,0.18426106275992485
2024-08-31,298380,0,35,0.17147713676697562
2024-08-31,042700,0,36,0.15547359460393217
2024-08-31,005935,0,37,0.13043470367933188
2024-08-31,006910,0,38,0.1229976559441878
2024-08-31,055550,0,39,0.10969477270765242
2024-08-31,222080,0,40,0.10098056116348034
2024-08-31,023160,0,41,0.10076255570554064
2024-08-31,060370,0,42,0.0900019720958967
2024-08-31,018290,0,43,0.08869051389212827
2024-08-31,087010,0,44,0.07511344431195803
2024-08-31,397030,0,45,0.07047448137333141
2024-08-31,082740,0,46,0.04316513102164079
2024-08-31,035720,0,47,0.034221479195252605
2024-08-31,086520,0,48,0.03247915113859038
2024-08-31,089030,0,49,0.0316464524589764
2024-08-31,096530,0,50,0.02335033796148703
2024-08-31,105560,0,51,0.02278500540839029
2024-08-31,009830,0,52,0.021464111561929317
2024-08-31,103590,0,53,0.0023592669550162202
2024-08-31,000250,0,54,-0.02116955903324314
2024-08-31,196170,0,55,-0.032632019896943934
2024-08-31,000270,0,56,-0.03360726002886974
2024-08-31,454910,0,57,-0.0444417753246339
2024-08-31,336570,0,58,-0.05489141354124759
2024-08-31,014620,0,59,-0.055500956506620756
2024-08-31,024110,0,60,-0.05938339146265928
2024-08-31,075580,0,61,-0.0629199156165344
2024-08-31,403870,0,62,-0.06595985524497344
2024-08-31,178320,0,63,-0.06959753230183108
2024-08-31,088980,0,64,-0.07525212206187648
2024-08-31,028050,0,65,-0.08734054873947199
2024-08-31,071970,0,66,-0.10181878426429548
2024-08-31,059090,0,67,-0.10567385140627825
2024-08-31,033100,0,68,-0.11650918848864018
2024-08-31,003490,0,69,-0.1228173985543387
2024-08-31,000990,0,70,-0.1287175229803306
2024-08-31,138930,0,71,-0.13298921461932187
2024-08-31,086790,0,72,-0.13675688804352532
2024-08-31,141080,0,73,-0.1425712365377253
2024-08-31,005380,0,74,-0.1478099769499937
2024-08-31,036930,0,75,-0.15168400898977885
2024-08-31,068270,0,76,-0.15888832581625098
2024-08-31,039200,0,77,-0.16013482306076687
2024-08-31,066570,0,78,-0.16030456918704256
2024-08-31,389470,0,79,-0.16537376968903147
2024-08-31,161580,0,80,-0.16754825137699014
2024-08-31,006360,0,81,-0.17142328315906344
2024-08-31,323410,0,82,-0.1719672916792192
2024-08-31,281740,0,83,-0.1787215359631592
2024-08-31,073240,0,84,-0.17909709776701516
2024-08-31,035420,0,85,-0.18487118328997132
2024-08-31,096770,0,86,-0.18970357305594673
2024-08-31,047810,0,87,-0.19069491477881442
2024-08-31,032640,0,88,-0.19350231212422017
2024-08-31,457190,0,89,-0.19449075787728146
2024-08-31,083650,0,90,-0.2036961851609188
2024-08-31,010120,0,91,-0.20487221926925098
2024-08-31,036540,0,92,-0.20746131866750012
2024-08-31,229640,0,93,-0.2082082606329446
2024-08-31,098460,0,94,-0.214950757338744
2024-08-31,022100,0,95,-0.21864774485818111
2024-08-31,006800,0,96,-0.22538443612309372
2024-08-31,080220,0,97,-0.22722168249090313
2024-08-31,012450,0,98,-0.23292511224674406
2024-08-31,137400,0,99,-0.2360719901918145
2024-08-31,317330,0,100,-0.23859610882015325
2024-08-31,358570,0,101,-0.24389747942234588
2024-08-31,241560,0,102,-0.2441816416058352
2024-08-31,247540,0,103,-0.24717120078564025
2024-08-31,067310,0,104,-0.2691262237712933
2024-08-31,005940,0,105,-0.27158961149215843
2024-08-31,100090,0,106,-0.2785481129214893
2024-08-31,035250,0,107,-0.28023956748823226
2024-08-31,009420,0,108,-0.28864929804233713
2024-08-31,950160,0,109,-0.29121386542784394
2024-08-31,011790,0,110,-0.2930035592843038
2024-08-31,139130,0,111,-0.29398953944392964
2024-08-31,101360,0,112,-0.2953870044502938
2024-08-31,014940,0,113,-0.2956663162745759
2024-08-31,074600,0,114,-0.2957335662602288
2024-08-31,025980,0,115,-0.2962715571219478
2024-08-31,267260,0,116,-0.2990167397520116
2024-08-31,112610,0,117,-0.3054207395418656
2024-08-31,017670,0,118,-0.305810425595847
2024-08-31,030200,0,119,-0.3080900715311771
2024-08-31,000720,0,120,-0.3082651430050159
2024-08-31,009520,0,121,-0.30948854848821644
2024-08-31,016360,0,122,-0.3096417038688125
2024-08-31,333430,0,123,-0.31487783733803987
2024-08-31,007390,0,124,-0.31606082499766464
2024-08-31,031980,0,125,-0.31995201384299227
2024-08-31,032350,0,126,-0.3273049611160465
2024-08-31,402340,0,127,-0.32763453084653654
2024-08-31,103140,0,128,-0.32889779670288466
2024-08-31,395400,0,129,-0.3304732019435546
2024-08-31,065350,0,130,-0.3332407964703457
2024-08-31,009150,0,131,-0.3363642720480868
2024-08-31,017960,0,132,-0.3366934960913496
2024-08-31,353200,0,133,-0.3388909291828993
2024-08-31,036810,0,134,-0.3412609261998371
2024-08-31,006260,0,135,-0.3436670588959121
2024-08-31,005290,0,136,-0.34525507980958875
2024-08-31,328130,0,137,-0.35094025061528256
2024-08-31,348370,0,138,-0.3510234594821357
2024-08-31,175330,0,139,-0.353692307511451
2024-08-31,034230,0,140,-0.3545797565253649
2024-08-31,095500,0,141,-0.3574332926102901
2024-08-31,006400,0,142,-0.35781720271154344
2024-08-31,263750,0,143,-0.35868678187902997
2024-08-31,030530,0,144,-0.3599310874677027
2024-08-31,035900,0,145,-0.3612789045291808
2024-08-31,440110,0,146,-0.3648623218168621
2024-08-31,204320,0,147,-0.36573887941428534
2024-08-31,161390,0,148,-0.36583848701109567
2024-08-31,240810,0,149,-0.36703593298933584
2024-08-31,020150,0,150,-0.36878677849399427
2024-08-31,319660,0,151,-0.36955947648361304
2024-08-31,001450,0,152,-0.3701362547301381
2024-08-31,095610,0,153,-0.3707634254513471
2024-08-31,005490,0,154,-0.3708802302693544
2024-08-31,012510,0,155,-0.37310104201275907
2024-08-31,138040,0,156,-0.3733776202369038
2024-08-31,222800,0,157,-0.37542318658528623
2024-08-31,416180,0,158,-0.3779369688410201
2024-08-31,079550,0,159,-0.3783743129664042
2024-08-31,004020,0,160,-0.37890374195367366
2024-08-31,336260,0,161,-0.3790261328482995
2024-08-31,003670,0,162,-0.3800491115008766
2024-08-31,377300,0,163,-0.38616514831996446
2024-08-31,319400,0,164,-0.38720875752034656
2024-08-31,000880,0,165,-0.38765470399551516
2024-08-31,249420,0,166,-0.38777922926715114
2024-08-31,089890,0,167,-0.3928241891170798
2024-08-31,032830,0,168,-0.39483607350529043
2024-08-31,066970,0,169,-0.4024549631805733
2024-08-31,028260,0,170,-0.40265205861851594
2024-08-31,051910,0,171,-0.4027727889396478
2024-08-31,036830,0,172,-0.4063316981866382
2024-08-31,124500,0,173,-0.40825810664789913
2024-08-31,058610,0,174,-0.4126177382280239
2024-08-31,119850,0,175,-0.413052322114332
2024-08-31,010950,0,176,-0.41487005994941395
2024-08-31,450140,0,177,-0.4187433923134317
2024-08-31,089010,0,178,-0.4189607157895506
2024-08-31,003690,0,179,-0.4222531472306117
2024-08-31,095340,0,180,-0.4259252092998339
2024-08-31,068760,-1,181,-0.427465522969592
2024-08-31,214150,-1,182,-0.42916704383844495
2024-08-31,060250,-1,183,-0.429841077323515
2024-08-31,117730,-1,184,-0.4313296999326259
2024-08-31,352820,-1,185,-0.434339372827135
2024-08-31,056080,-1,186,-0.43557895052874346
2024-08-31,084370,-1,187,-0.43603318218216974
2024-08-31,215100,-1,188,-0.4383385266002727
2024-08-31,445680,-1,189,-0.441880542617836
2024-08-31,101490,-1,190,-0.4437775075348127
2024-08-31,003570,-1,191,-0.4545704703708201
2024-08-31,008930,-1,192,-0.45729038275495393
2024-08-31,008770,-1,193,-0.45921070360480193
2024-08-31,115180,-1,194,-0.46040628287311663
2024-08-31,356860,-1,195,-0.46405768906815253
2024-08-31,277810,-1,196,-0.4647090211468668
2024-08-31,020560,-1,197,-0.46907445968613676
2024-08-31,122870,-1,198,-0.47335014550073856
2024-08-31,000240,-1,199,-0.49211266585137364
2024-08-31,090360,-1,200,-0.49240165431405025
2024-09-30,032820,1,1,8.986767324430275
2024-09-30,005930,1,2,8.915261306790287
2024-09-30,010140,1,3,2.70814379299339
2024-09-30,034020,1,4,2.5608407550733077
2024-09-30,000660,1,5,1.9598439538645254
2024-09-30,232140,1,6,1.3612748229117504
2024-09-30,000100,1,7,1.0005315827227685
2024-09-30,225570,1,8,0.8068697524195233
2024-09-30,036460,1,9,0.7988372890620047
2024-09-30,316140,1,10,0.728994057712255
2024-09-30,064350,1,11,0.6173142783288074
2024-09-30,047040,1,12,0.601290614686241
2024-09-30,051980,1,13,0.5822794007112345
2024-09-30,272210,1,14,0.5659810065832456
2024-09-30,028670,1,15,0.5486200554332323
2024-09-30,001440,1,16,0.5347142247263303
2024-09-30,257720,1,17,0.4639192439297566
2024-09-30,090710,1,18,0.446133617589531
2024-09-30,006910,1,19,0.41759146178996687
2024-09-30,042670,1,20,0.4138103312057188
2024-09-30,028300,0,21,0.3655847362887274
2024-09-30,298380,0,22,0.35709085843426897
2024-09-30,015760,0,23,0.3215071960584557
2024-09-30,323280,0,24,0.3089826915494228
2024-09-30,067630,0,25,0.30362764734750625
2024-09-30,007660,0,26,0.2935401042587171
2024-09-30,011200,0,27,0.2862498611295635
2024-09-30,034220,0,28,0.27827084404334274
2024-09-30,018880,0,29,0.25630449503893293
2024-09-30,005935,0,30,0.25420918426328154
2024-09-30,088350,0,31,0.21151190046235355
2024-09-30,055550,0,32,0.18905883232201298
2024-09-30,042660,0,33,0.1862471404093489
2024-09-30,041190,0,34,0.17155409452764112
2024-09-30,389470,0,35,0.12045381797106577
2024-09-30,105560,0,36,0.1197804479138635
2024-09-30,096530,0,37,0.11915156769632593
2024-09-30,089030,0,38,0.11060383038112975
2024-09-30,222080,0,39,0.0911380261466159
2024-09-30,035720,0,40,0.08038259894500052
2024-09-30,086520,0,41,0.04675410089505021
2024-09-30,087010,0,42,0.04566039331391427
2024-09-30,042700,0,43,0.04320385654064433
2024-09-30,018290,0,44,0.0362408152117036
2024-09-30,003160,0,45,0.03371661081293352
2024-09-30,336570,0,46,0.01374973959864623
2024-09-30,024110,0,47,0.0030384394501403087
2024-09-30,138930,0,48,-0.0032405577228172655
2024-09-30,000270,0,49,-0.0064867891887143
2024-09-30,035250,0,50,-0.008694334448859146
2024-09-30,047050,0,51,-0.019759791685024373
2024-09-30,161580,0,52,-0.024072977710689454
2024-09-30,397030,0,53,-0.031232537852087624
2024-09-30,064260,0,54,-0.03519347905324402
2024-09-30,009830,0,55,-0.03569348882468253
2024-09-30,086790,0,56,-0.0425490301979875
2024-09-30,071970,0,57,-0.048103601005295635
2024-09-30,014620,0,58,-0.05273281012415906
2024-09-30,403870,0,59,-0.06407643737748515
2024-09-30,178320,0,60,-0.06878156511273269
2024-09-30,103590,0,61,-0.06995398960822664
2024-09-30,028050,0,62,-0.07198696085794933
2024-09-30,204270,0,63,-0.08521246559788953
2024-09-30,457190,0,64,-0.08636135855194214
2024-09-30,082740,0,65,-0.0921376177790769
2024-09-30,006360,0,66,-0.09248728406272409
2024-09-30,450080,0,67,-0.10080314552254753
2024-09-30,454910,0,68,-0.10089839123803576
2024-09-30,000250,0,69,-0.10880539252880544
2024-09-30,141080,0,70,-0.11185794417766456
2024-09-30,023160,0,71,-0.11348740927769817
2024-09-30,196170,0,72,-0.1142431746953554
2024-09-30,032640,0,73,-0.11472792154437611
2024-09-30,088980,0,74,-0.1148122422688741
2024-09-30,039200,0,75,-0.11997567040232059
2024-09-30,080220,0,76,-0.12221117014803011
2024-09-30,068270,0,77,-0.12565956378996357
2024-09-30,003490,0,78,-0.1259875357091078
2024-09-30,073240,0,79,-0.12984577831714156
2024-09-30,323410,0,80,-0.13536466581568918
2024-09-30,035420,0,81,-0.13716614743934086
2024-09-30,075580,0,82,-0.1393643374252878
2024-09-30,005380,0,83,-0.14076864206339018
2024-09-30,241560,0,84,-0.14638210684874228
2024-09-30,006800,0,85,-0.15427357420135424
2024-09-30,022100,0,86,-0.15625533039601616
2024-09-30,047810,0,87,-0.1573580869170165
2024-09-30,060370,0,88,-0.16257133724018383
2024-09-30,033100,0,89,-0.16606249721668112
2024-09-30,358570,0,90,-0.17317604005499293
2024-09-30,281740,0,91,-0.17606456178608904
2024-09-30,010120,0,92,-0.18073507737500383
2024-09-30,036540,0,93,-0.1883541628017362
2024-09-30,005940,0,94,-0.19282359181406694
2024-09-30,066570,0,95,-0.1956040006211298
2024-09-30,419530,0,96,-0.19864421932999884
2024-09-30,247540,0,97,-0.19873635364871065
2024-09-30,009420,0,98,-0.20456478251152332
2024-09-30,067310,0,99,-0.22591537948000687
2024-09-30,030200,0,100,-0.22679000801950389
2024-09-30,112610,0,101,-0.2274398060903635
2024-09-30,036930,0,102,-0.23468912164083655
2024-09-30,017670,0,103,-0.242505226547192
2024-09-30,025980,0,104,-0.2469573897666294
2024-09-30,950160,0,105,-0.2483789413915621
2024-09-30,267260,0,106,-0.24998077796085685
2024-09-30,139130,0,107,-0.2502152457853543
2024-09-30,098460,0,108,-0.25514986985956456
2024-09-30,328130,0,109,-0.2554104400706783
2024-09-30,096770,0,110,-0.2581924890101785
2024-09-30,012450,0,111,-0.2612376467849001
2024-09-30,000720,0,112,-0.26178145663658636
2024-09-30,000990,0,113,-0.2622052520240519
2024-09-30,059090,0,114,-0.26241837956717506
2024-09-30,229640,0,115,-0.26443742864016345
2024-09-30,137400,0,116,-0.2717744492788144
2024-09-30,083650,0,117,-0.27685668600968427
2024-09-30,017960,0,118,-0.27876305987012134
2024-09-30,007390,0,119,-0.27915715427428867
2024-09-30,175330,0,120,-0.2810951746522421
2024-09-30,031980,0,121,-0.28400475491056615
2024-09-30,009150,0,122,-0.29000185924864325
2024-09-30,161890,0,123,-0.29121468764189473
2024-09-30,103140,0,124,-0.2934097871207411
2024-09-30,034230,0,125,-0.2946072160128936
2024-09-30,090430,0,126,-0.29634696410936107
2024-09-30,006400,0,127,-0.30065132212139756
2024-09-30,016360,0,128,-0.30183572231070166
2024-09-30,035900,0,129,-0.30298079329192984
2024-09-30,402340,0,130,-0.3091545115538621
2024-09-30,030530,0,131,-0.3095011988616014
2024-09-30,395400,0,132,-0.310255151018977
2024-09-30,003670,0,133,-0.3106687652988361
2024-09-30,032350,0,134,-0.31086584736787554
2024-09-30,009520,0,135,-0.31237311819629016
2024-09-30,005290,0,136,-0.31274534607741866
2024-09-30,065350,0,137,-0.31337189530453446
2024-09-30,348370,0,138,-0.3139150013618768
2024-09-30,101360,0,139,-0.31412795913683433
2024-09-30,014940,0,140,-0.31576332060243967
2024-09-30,319400,0,141,-0.31637938879209326
2024-09-30,317330,0,142,-0.3165634120966422
2024-09-30,005490,0,143,-0.31791287172034083
2024-09-30,353200,0,144,-0.31794796065736747
2024-09-30,001450,0,145,-0.3214785137247885
2024-09-30,240810,0,146,-0.32256030414224485
2024-09-30,004020,0,147,-0.3263473778468689
2024-09-30,124500,0,148,-0.32681936963912944
2024-09-30,011790,0,149,-0.32910432309001625
2024-09-30,138040,0,150,-0.3295651004161359
2024-09-30,319660,0,151,-0.3305800352181908
2024-09-30,006260,0,152,-0.33226272671589746
2024-09-30,263750,0,153,-0.3375297855270892
2024-09-30,161390,0,154,-0.3398375208946656
2024-09-30,032830,0,155,-0.34112270198263067
2024-09-30,074600,0,156,-0.34198129694278684
2024-09-30,079550,0,157,-0.34533783858925043
2024-09-30,051910,0,158,-0.3473298891552152
2024-09-30,066970,0,159,-0.35223716592667953
2024-09-30,020150,0,160,-0.3544714654289706
2024-09-30,058610,0,161,-0.35662670803845964
2024-09-30,028260,0,162,-0.357260387261852
2024-09-30,095500,0,163,-0.358475295515634
2024-09-30,000880,0,164,-0.3620634713536418
2024-09-30,377300,0,165,-0.36377385626708647
2024-09-30,222800,0,166,-0.36859080937971866
2024-09-30,204320,0,167,-0.37137429984510634
2024-09-30,416180,0,168,-0.3737878885566346
2024-09-30,100090,0,169,-0.3751305072245115
2024-09-30,440110,0,170,-0.3770085626856341
2024-09-30,068760,0,171,-0.37925289331897016
2024-09-30,060250,0,172,-0.3810109685837516
2024-09-30,095610,0,173,-0.38102302446004876
2024-09-30,036810,0,174,-0.38179170030735243
2024-09-30,336260,0,175,-0.38395309501407937
2024-09-30,003690,0,176,-0.38434072272241765
2024-09-30,012510,0,177,-0.38488653960638286
2024-09-30,084370,0,178,-0.386313854366682
2024-09-30,445680,0,179,-0.3881531087541159
2024-09-30,095340,0,180,-0.38840035860102573
2024-09-30,003570,-1,181,-0.38860441051749445
2024-09-30,333430,-1,182,-0.38888771816850654
2024-09-30,352820,-1,183,-0.3903735488903281
2024-09-30,089890,-1,184,-0.39311039917784996
2024-09-30,089010,-1,185,-0.3934165783170735
2024-09-30,450140,-1,186,-0.3943174098765663
2024-09-30,214150,-1,187,-0.3976589997020761
2024-09-30,119850,-1,188,-0.3978291179481014
2024-09-30,008930,-1,189,-0.3993537342178254
2024-09-30,036830,-1,190,-0.3994715447710442
2024-09-30,115180,-1,191,-0.40694900024241165
2024-09-30,008770,-1,192,-0.4101914046685188
2024-09-30,101490,-1,193,-0.4133362691498827
2024-09-30,056080,-1,194,-0.41409618665322456
2024-09-30,277810,-1,195,-0.42058044569789615
2024-09-30,117730,-1,196,-0.42591238888322625
2024-09-30,356860,-1,197,-0.426039326226087
2024-09-30,000240,-1,198,-0.429715141310984
2024-09-30,215100,-1,199,-0.43392968458836995
2024-09-30,020560,-1,200,-0.43678375779929596
2024-10-31,005930,1,1,11.731776245670462
2024-10-31,032820,1,2,5.142905260626992
2024-10-31,000660,1,3,2.2440867394264328
2024-10-31,034020,1,4,2.1869957482968454
2024-10-31,010140,1,5,2.093670513105964
2024-10-31,000100,1,6,1.6234101426568601
2024-10-31,090710,1,7,0.80611339025097
2024-10-31,316140,1,8,0.804890503855431
2024-10-31,232140,1,9,0.6397458793753334
2024-10-31,028670,1,10,0.6384823189687332
2024-10-31,051980,1,11,0.6338118115354106
2024-10-31,015760,1,12,0.6217961450401863
2024-10-31,036460,1,13,0.5605948791744749
2024-10-31,298380,1,14,0.5569704412207124
2024-10-31,007660,1,15,0.5294765267251594
2024-10-31,064350,1,16,0.507538822864218
2024-10-31,006910,1,17,0.49747603805697005
2024-10-31,257720,1,18,0.4813473719067078
2024-10-31,005935,1,19,0.4800428149204929
2024-10-31,323280,1,20,0.4283152933763386
2024-10-31,018880,0,21,0.3910190590404533
2024-10-31,001440,0,22,0.35636228282004506
2024-10-31,272210,0,23,0.3521276692592162
2024-10-31,041190,0,24,0.3017080296335985
2024-10-31,225570,0,25,0.29779231025539
2024-10-31,222080,0,26,0.271247113214938
2024-10-31,096530,0,27,0.26981927758256175
2024-10-31,105560,0,28,0.2404027940777678
2024-10-31,088350,0,29,0.21387364242590018
2024-10-31,055550,0,30,0.2118500105669654
2024-10-31,047040,0,31,0.21158773771259745
2024-10-31,034220,0,32,0.1901590447207839
2024-10-31,028300,0,33,0.16731323025553355
2024-10-31,011200,0,34,0.16719337836998227
2024-10-31,035250,0,35,0.1668848815337007
2024-10-31,042660,0,36,0.14919715299285846
2024-10-31,087010,0,37,0.14708219263511207
2024-10-31,035720,0,38,0.1358166369940602
2024-10-31,000270,0,39,0.13401622399192195
2024-10-31,138930,0,40,0.11916968624416854
2024-10-31,089030,0,41,0.10917822682945767
2024-10-31,389470,0,42,0.1082743587382776
2024-10-31,042700,0,43,0.09519778693815617
2024-10-31,042670,0,44,0.07501396195564049
2024-10-31,161580,0,45,0.06459105059003865
2024-10-31,086790,0,46,0.057584946727772875
2024-10-31,083650,0,47,0.05275172070775705
2024-10-31,024110,0,48,0.04988926976000667
2024-10-31,009830,0,49,0.03771272891866973
2024-10-31,007390,0,50,0.02899607119626485
2024-10-31,457190,0,51,0.012006508980233418
2024-10-31,003160,0,52,0.004892346541673098
2024-10-31,086520,0,53,0.00258705872138761
2024-10-31,032640,0,54,0.00034071495344012426
2024-10-31,039200,0,55,-0.00025149341053041954
2024-10-31,018290,0,56,-0.016351047247230834
2024-10-31,003490,0,57,-0.018137118765833894
2024-10-31,028050,0,58,-0.03486292715997566
2024-10-31,080220,0,59,-0.047271508734823914
2024-10-31,204270,0,60,-0.04888012561183931
2024-10-31,397030,0,61,-0.05382348041850921
2024-10-31,450080,0,62,-0.06239906460181406
2024-10-31,336570,0,63,-0.06309636706265075
2024-10-31,009420,0,64,-0.06359841605449751
2024-10-31,358570,0,65,-0.06800211313745187
2024-10-31,403870,0,66,-0.07399998585575104
2024-10-31,419530,0,67,-0.07806938578616954
2024-10-31,006800,0,68,-0.07910508557181084
2024-10-31,035420,0,69,-0.08773551897864497
2024-10-31,047050,0,70,-0.09783676189485295
2024-10-31,141080,0,71,-0.09793506408826444
2024-10-31,082270,0,72,-0.09797063140444481
2024-10-31,022100,0,73,-0.10828084516878476
2024-10-31,088980,0,74,-0.11097880601641558
2024-10-31,005380,0,75,-0.11242349214087642
2024-10-31,068270,0,76,-0.11508108051293003
2024-10-31,103590,0,77,-0.1291453156844192
2024-10-31,006360,0,78,-0.1310765892074579
2024-10-31,067630,0,79,-0.13346334259279016
2024-10-31,319400,0,80,-0.1342400582465245
2024-10-31,281740,0,81,-0.1373046952201054
2024-10-31,047810,0,82,-0.13979010198040512
2024-10-31,323410,0,83,-0.14416977086051586
2024-10-31,008930,0,84,-0.14791023857289284
2024-10-31,112610,0,85,-0.14972393754508415
2024-10-31,067310,0,86,-0.15214027276030087
2024-10-31,196170,0,87,-0.1572536170646209
2024-10-31,030200,0,88,-0.15953569434548193
2024-10-31,247540,0,89,-0.16242686119993285
2024-10-31,241560,0,90,-0.16380648239569984
2024-10-31,082740,0,91,-0.17103846565567804
2024-10-31,071970,0,92,-0.17373203523578565
2024-10-31,036540,0,93,-0.17960160255203386
2024-10-31,005940,0,94,-0.18142772943243698
2024-10-31,017670,0,95,-0.19415884479123788
2024-10-31,064260,0,96,-0.1987900978442684
2024-10-31,066570,0,97,-0.20499472338693084
2024-10-31,036930,0,98,-0.2071982826672806
2024-10-31,075580,0,99,-0.20789986577271666
2024-10-31,178320,0,100,-0.2129585656359594
2024-10-31,175330,0,101,-0.21618672833029826
2024-10-31,014620,0,102,-0.21638479182371448
2024-10-31,073240,0,103,-0.22220771561235023
2024-10-31,328130,0,104,-0.22300506367732442
2024-10-31,139130,0,105,-0.2265697252900716
2024-10-31,033100,0,106,-0.22882306017323037
2024-10-31,237690,0,107,-0.22993478176713372
2024-10-31,000250,0,108,-0.23926354640470054
2024-10-31,010120,0,109,-0.24032592406703934
2024-10-31,395400,0,110,-0.24858983017553837
2024-10-31,267260,0,111,-0.26096157413498394
2024-10-31,137400,0,112,-0.2666249174436409
2024-10-31,090430,0,113,-0.2685115720568911
2024-10-31,001450,0,114,-0.27566262925802154
2024-10-31,103140,0,115,-0.27646398193560817
2024-10-31,101360,0,116,-0.2765575973702534
2024-10-31,023160,0,117,-0.2796448097635105
2024-10-31,030530,0,118,-0.2802869460663133
2024-10-31,031980,0,119,-0.2809550787320123
2024-10-31,000720,0,120,-0.2832562023930603
2024-10-31,402340,0,121,-0.28397534454711243
2024-10-31,059090,0,122,-0.28591501262007096
2024-10-31,012450,0,123,-0.2896635946646077
2024-10-31,004020,0,124,-0.2909824706847017
2024-10-31,006400,0,125,-0.29198936530957054
2024-10-31,003670,0,126,-0.29199633380316065
2024-10-31,035900,0,127,-0.2937072466123198
2024-10-31,034230,0,128,-0.294105274805067
2024-10-31,417200,0,129,-0.2955785852495027
2024-10-31,098460,0,130,-0.2966651663409172
2024-10-31,161890,0,131,-0.2971160879553282
2024-10-31,454910,0,132,-0.3026935120932983
2024-10-31,124500,0,133,-0.3037123492611928
2024-10-31,009540,0,134,-0.30451092206998914
2024-10-31,440110,0,135,-0.3070031328700077
2024-10-31,032350,0,136,-0.3077845941188483
2024-10-31,000990,0,137,-0.31084019153473685
2024-10-31,096770,0,138,-0.3154873199593905
2024-10-31,005490,0,139,-0.31715296428180667
2024-10-31,065350,0,140,-0.31730502961285895
2024-10-31,215100,0,141,-0.3177477705262727
2024-10-31,025980,0,142,-0.31790876597761475
2024-10-31,009150,0,143,-0.32019108297425075
2024-10-31,009520,0,144,-0.32048838173974786
2024-10-31,016360,0,145,-0.3212361866087097
2024-10-31,066970,0,146,-0.32230260086579643
2024-10-31,138040,0,147,-0.32277297679550737
2024-10-31,161390,0,148,-0.32428905096100336
2024-10-31,051910,0,149,-0.324417852812326
2024-10-31,229640,0,150,-0.324762699962159
2024-10-31,263750,0,151,-0.32566774206754945
2024-10-31,445680,0,152,-0.32575436523667184
2024-10-31,014940,0,153,-0.32736344001138123
2024-10-31,005290,0,154,-0.328977975401006
2024-10-31,060370,0,155,-0.33018859698000197
2024-10-31,017960,0,156,-0.3304796828614211
2024-10-31,036810,0,157,-0.3320276996920129
2024-10-31,010620,0,158,-0.33334418880825706
2024-10-31,319660,0,159,-0.333570131860817
2024-10-31,011790,0,160,-0.3344110925292036
2024-10-31,348370,0,161,-0.33525845413534233
2024-10-31,032830,0,162,-0.33743647320498693
2024-10-31,240810,0,163,-0.34006028848633746
2024-10-31,317330,0,164,-0.34249213023877884
2024-10-31,028260,0,165,-0.34464165217104853
2024-10-31,095500,0,166,-0.3511616717310023
2024-10-31,100090,0,167,-0.35581122601372467
2024-10-31,353200,0,168,-0.35697196747714843
2024-10-31,020150,0,169,-0.3575836641518264
2024-10-31,214150,0,170,-0.35963251138414637
2024-10-31,222800,0,171,-0.3620770763033815
2024-10-31,074600,0,172,-0.3626168683394304
2024-10-31,204320,0,173,-0.36290546123287626
2024-10-31,079550,0,174,-0.36366797547380997
2024-10-31,058610,0,175,-0.3648921452004652
2024-10-31,377300,0,176,-0.3657836302708239
2024-10-31,006260,0,177,-0.3674065096937574
2024-10-31,950160,0,178,-0.3744406935869016
2024-10-31,012510,0,179,-0.37799955821113496
2024-10-31,003690,0,180,-0.3781865341595882
2024-10-31,352820,-1,181,-0.3830487794311928
2024-10-31,115180,-1,182,-0.3831096452484547
2024-10-31,336260,-1,183,-0.38445310857876497
2024-10-31,095340,-1,184,-0.39166430149324466
2024-10-31,068760,-1,185,-0.3927507111654205
2024-10-31,060250,-1,186,-0.39384794590346567
2024-10-31,356860,-1,187,-0.3969143242690977
2024-10-31,089010,-1,188,-0.3971924224734236
2024-10-31,119850,-1,189,-0.39988556089718963
2024-10-31,056080,-1,190,-0.40347100126912944
2024-10-31,000880,-1,191,-0.4056137047101968
2024-10-31,095610,-1,192,-0.4194252438683365
2024-10-31,000240,-1,193,-0.4235732891423159
2024-10-31,333430,-1,194,-0.4243111769290328
2024-10-31,089890,-1,195,-0.4246118930312392
2024-10-31,277810,-1,196,-0.4248210034876865
2024-10-31,036830,-1,197,-0.42833991109966923
2024-10-31,450140,-1,198,-0.43029569027252984
2024-10-31,117730,-1,199,-0.4310816720901782
2024-10-31,416180,-1,200,-0.4374673462973771
2024-11-30,005930,1,1,11.902257376034466
2024-11-30,032820,1,2,4.223124132430374
2024-11-30,034020,1,3,2.498433504202384
2024-11-30,090710,1,4,2.104102927291403
2024-11-30,010140,1,5,2.0845893579671566
2024-11-30,000660,1,6,1.6121211241823745
2024-11-30,041190,1,7,1.4723437311999712
2024-11-30,272210,1,8,1.0923925476996401
2024-11-30,042660,1,9,1.0498933614675428
2024-11-30,030530,1,10,0.9247580367399513
2024-11-30,000100,1,11,0.9201982966642027
2024-11-30,083650,1,12,0.8075701134355967
2024-11-30,007660,1,13,0.5647543897120858
2024-11-30,316140,1,14,0.5303439975003045
2024-11-30,333430,1,15,0.47820408677610304
2024-11-30,051980,1,16,0.4636229766733388
2024-11-30,005935,1,17,0.46167932685755164
2024-11-30,015760,1,18,0.45131533357297327
2024-11-30,007390,1,19,0.43422680244357104
2024-11-30,064350,1,20,0.42719294151738485
2024-11-30,006910,0,21,0.40929498784076834
2024-11-30,028670,0,22,0.39825667976094714
2024-11-30,298380,0,23,0.37877712787155676
2024-11-30,232140,0,24,0.36667279686540866
2024-11-30,018880,0,25,0.31749139993218634
2024-11-30,257720,0,26,0.2619763290586385
2024-11-30,001440,0,27,0.23555569180587846
2024-11-30,105560,0,28,0.16442167253054743
2024-11-30,011200,0,29,0.15945648831341566
2024-11-30,009830,0,30,0.1505444673793442
2024-11-30,087010,0,31,0.15046170537241615
2024-11-30,036460,0,32,0.14031093359526786
2024-11-30,014940,0,33,0.13066630360952566
2024-11-30,323280,0,34,0.12306939591538175
2024-11-30,034220,0,35,0.11549258949685555
2024-11-30,222080,0,36,0.11473441815778575
2024-11-30,055550,0,37,0.1134639002432283
2024-11-30,042670,0,38,0.11059345391686762
2024-11-30,028300,0,39,0.09555855247040504
2024-11-30,389470,0,40,0.09435219133197092
2024-11-30,035720,0,41,0.09199664408025567
2024-11-30,035250,0,42,0.08562528861138712
2024-11-30,088350,0,43,0.07578035287747681
2024-11-30,000270,0,44,0.06752561041161657
2024-11-30,138930,0,45,0.050501562926760404
2024-11-30,032640,0,46,0.048835399017637726
2024-11-30,403870,0,47,0.04157483932999099
2024-11-30,003490,0,48,0.04030887572475906
2024-11-30,328130,0,49,0.03143025895701392
2024-11-30,161580,0,50,0.030567299100959556
2024-11-30,215100,0,51,0.01954071128153639
2024-11-30,086790,0,52,-0.0005510872655002717
2024-11-30,086520,0,53,-0.0025054380751610835
2024-11-30,089030,0,54,-0.01233744730653806
2024-11-30,008930,0,55,-0.024492913570853977
2024-11-30,082270,0,56,-0.038237877903957766
2024-11-30,047040,0,57,-0.053978913482198215
2024-11-30,009420,0,58,-0.05441601094271623
2024-11-30,024110,0,59,-0.05825026846495788
2024-11-30,450080,0,60,-0.06770512708765086
2024-11-30,042700,0,61,-0.06905429983150083
2024-11-30,204270,0,62,-0.07466325167381577
2024-11-30,028050,0,63,-0.07551588809768775
2024-11-30,025980,0,64,-0.08319515705733474
2024-11-30,030200,0,65,-0.08415879276950264
2024-11-30,035420,0,66,-0.08442871497536629
2024-11-30,336570,0,67,-0.0912949909725564
2024-11-30,196170,0,68,-0.09437931957341268
2024-11-30,080220,0,69,-0.098997528108766
2024-11-30,141080,0,70,-0.10088460074698417
2024-11-30,003160,0,71,-0.10495896983031468
2024-11-30,103590,0,72,-0.11449177527287904
2024-11-30,082740,0,73,-0.11690536792092465
2024-11-30,047810,0,74,-0.11939831569096898
2024-11-30,358570,0,75,-0.12843710526301122
2024-11-30,006800,0,76,-0.1329156019659474
2024-11-30,460930,0,77,-0.1339298255208953
2024-11-30,018290,0,78,-0.13468159485581963
2024-11-30,419530,0,79,-0.13592493768096794
2024-11-30,005380,0,80,-0.1409835178758294
2024-11-30,067630,0,81,-0.14148048577241273
2024-11-30,022100,0,82,-0.14771451266834984
2024-11-30,225570,0,83,-0.14897371390441244
2024-11-30,319400,0,84,-0.16242936659756144
2024-11-30,056080,0,85,-0.16445280340753632
2024-11-30,088980,0,86,-0.16603513335220413
2024-11-30,247540,0,87,-0.1672091071155602
2024-11-30,397030,0,88,-0.17292030236016098
2024-11-30,036930,0,89,-0.18298047370786827
2024-11-30,226950,0,90,-0.18805365803495075
2024-11-30,014620,0,91,-0.194164851430909
2024-11-30,035900,0,92,-0.196221870872952
2024-11-30,075580,0,93,-0.19688450667913243
2024-11-30,004020,0,94,-0.19737464749556857
2024-11-30,067310,0,95,-0.20129152182612292
2024-11-30,047050,0,96,-0.20244427120302605
2024-11-30,000720,0,97,-0.20920005950802378
2024-11-30,457190,0,98,-0.20935748025698878
2024-11-30,068270,0,99,-0.21264514035549972
2024-11-30,039200,0,100,-0.21575950182877074
2024-11-30,175330,0,101,-0.21669725171587684
2024-11-30,112610,0,102,-0.21788796409060554
2024-11-30,017670,0,103,-0.2189637370454757
2024-11-30,178320,0,104,-0.2200166655847948
2024-11-30,064260,0,105,-0.22013040420113017
2024-11-30,323410,0,106,-0.22117235478779318
2024-11-30,119850,0,107,-0.22176709779215042
2024-11-30,071970,0,108,-0.23332153459392987
2024-11-30,036540,0,109,-0.24212338374227282
2024-11-30,005940,0,110,-0.2446451991781967
2024-11-30,073240,0,111,-0.24817267889022468
2024-11-30,241560,0,112,-0.2504531424729395
2024-11-30,033100,0,113,-0.25498026536544005
2024-11-30,139130,0,114,-0.2550083628852129
2024-11-30,066570,0,115,-0.25896693259224074
2024-11-30,395400,0,116,-0.26173477454052185
2024-11-30,101360,0,117,-0.2662150190217569
2024-11-30,060370,0,118,-0.2690393343320417
2024-11-30,006360,0,119,-0.27117001631115295
2024-11-30,006400,0,120,-0.27719505466126443
2024-11-30,003670,0,121,-0.284763312911254
2024-11-30,000250,0,122,-0.2884965011373595
2024-11-30,098460,0,123,-0.2900762837302348
2024-11-30,103140,0,124,-0.29333908449607027
2024-11-30,001450,0,125,-0.29460450529134763
2024-11-30,402340,0,126,-0.2952239226288454
2024-11-30,066970,0,127,-0.30408544195956483
2024-11-30,267260,0,128,-0.3073500439737308
2024-11-30,010120,0,129,-0.30774432997157264
2024-11-30,031980,0,130,-0.3114939694642687
2024-11-30,005290,0,131,-0.312325035309896
2024-11-30,237690,0,132,-0.3124211698206085
2024-11-30,005490,0,133,-0.31440128274695006
2024-11-30,032350,0,134,-0.31528389086339403
2024-11-30,096530,0,135,-0.31600431562583325
2024-11-30,440110,0,136,-0.31707457446062526
2024-11-30,281740,0,137,-0.3178170190784911
2024-11-30,090430,0,138,-0.31971915129945216
2024-11-30,417200,0,139,-0.3198136395013727
2024-11-30,012450,0,140,-0.320771881381011
2024-11-30,161390,0,141,-0.32237350241136375
2024-11-30,034230,0,142,-0.3225889986597307
2024-11-30,454910,0,143,-0.32419648449219834
2024-11-30,137400,0,144,-0.32583349412975343
2024-11-30,096770,0,145,-0.32660285252211
2024-11-30,124500,0,146,-0.3267706937967749
2024-11-30,023160,0,147,-0.3272113355541482
2024-11-30,017960,0,148,-0.32793331779344426
2024-11-30,065350,0,149,-0.3306242722668182
2024-11-30,161890,0,150,-0.33235170879154535
2024-11-30,033780,0,151,-0.33283355011031224
2024-11-30,009520,0,152,-0.33356413136385943
2024-11-30,011790,0,153,-0.3342107020314465
2024-11-30,009150,0,154,-0.3350917793262309
2024-11-30,445680,0,155,-0.33593991856307476
2024-11-30,051910,0,156,-0.33658889717616947
2024-11-30,353200,0,157,-0.3420512660416218
2024-11-30,028260,0,158,-0.3424141620438807
2024-11-30,009540,0,159,-0.34390784732810253
2024-11-30,036810,0,160,-0.344192587558246
2024-11-30,204320,0,161,-0.34600504544242067
2024-11-30,010620,0,162,-0.34694932530022127
2024-11-30,032830,0,163,-0.34904715213119214
2024-11-30,348370,0,164,-0.35256410276413835
2024-11-30,016360,0,165,-0.35318224567133455
2024-11-30,240810,0,166,-0.3546918739057115
2024-11-30,059090,0,167,-0.35536993826964874
2024-11-30,012510,0,168,-0.35793692256356663
2024-11-30,138040,0,169,-0.3584335998229649
2024-11-30,000990,0,170,-0.3587806071302724
2024-11-30,336260,0,171,-0.3606747874572345
2024-11-30,214150,0,172,-0.361356815128034
2024-11-30,263750,0,173,-0.36413627074770916
2024-11-30,079550,0,174,-0.36543616324721206
2024-11-30,006260,0,175,-0.37167088440950335
2024-11-30,020150,0,176,-0.3718329577328131
2024-11-30,100090,0,177,-0.37200031664658306
2024-11-30,377300,0,178,-0.37332326393276466
2024-11-30,319660,0,179,-0.3736524678043859
2024-11-30,317330,0,180,-0.3744934751455895
2024-11-30,222800,-1,181,-0.3757248833467063
2024-11-30,950160,-1,182,-0.3778053885616041
2024-11-30,095500,-1,183,-0.37950582301841307
2024-11-30,003690,-1,184,-0.3822367098081018
2024-11-30,074600,-1,185,-0.38280841215382205
2024-11-30,229640,-1,186,-0.3849769793158888
2024-11-30,058610,-1,187,-0.39200537473659053
2024-11-30,115180,-1,188,-0.393256831437408
2024-11-30,356860,-1,189,-0.3954559508236185
2024-11-30,068760,-1,190,-0.3991454125973598
2024-11-30,000880,-1,191,-0.3998175724906823
2024-11-30,089010,-1,192,-0.41015228835063083
2024-11-30,060250,-1,193,-0.41635576196895474
2024-11-30,117730,-1,194,-0.42019490924382663
2024-11-30,000240,-1,195,-0.4291352200854798
2024-11-30,036830,-1,196,-0.434114052874602
2024-11-30,095610,-1,197,-0.4354569868548579
2024-11-30,089890,-1,198,-0.4362831518444653
2024-11-30,450140,-1,199,-0.4387195493971739
2024-11-30,416180,-1,200,-0.4442527384129162
